student_id,course_id,exam_score,assignment_score,final_grade
S00770,C1148,9,73,28.2
S01198,C1649,20,18,19.4
S00083,C1851,49,27,42.4
S00810,C0024,75,40,64.5
S01226,C1618,30,44,34.2
S00533,C0862,52,23,43.3
S00972,C0802,45,21,37.8
S01290,C0560,70,90,76.0
S01436,C1879,64,28,53.2
S00637,C0587,29,3,21.2
S01134,C1182,62,6,45.2
S01017,C1497,80,51,71.3
S00238,C0548,51,92,63.3
S00074,C1334,30,78,44.4
S01128,C1690,77,27,62.0
S00992,C0561,75,30,61.5
S00760,C1917,14,36,20.6
S00382,C0101,55,6,40.3
S00090,C1037,2,78,24.8
S00905,C0642,32,55,38.9
S00027,C0021,37,1,26.2
S00965,C1577,91,29,72.4
S00370,C0973,96,62,85.8
S00273,C0729,27,13,22.8
S00332,C0789,98,32,78.2
S01197,C1632,72,25,57.9
S00540,C1932,90,46,76.8
S00397,C0123,22,47,29.5
S00725,C1503,6,100,34.2
S00360,C1831,15,17,15.6
S00282,C0371,41,48,43.1
S00358,C0345,34,29,32.5
S01440,C0445,50,25,42.5
S01481,C0517,62,83,68.3
S01402,C1507,89,57,79.4
S00357,C0977,43,92,57.7
S01474,C0448,58,85,66.1
S00359,C1842,47,10,35.9
S00349,C0422,8,17,10.7
S00961,C0477,55,7,40.6
S00370,C1128,78,48,69.0
S00669,C1150,28,53,35.5
S00253,C1295,97,100,97.9
S00558,C1637,27,82,43.5
S00832,C1444,47,26,40.7
S00653,C0226,67,62,65.5
S00701,C0399,79,16,60.1
S01019,C0404,30,74,43.2
S00201,C0672,41,43,41.6
S00107,C0828,63,63,63.0
S00174,C1446,10,16,11.8
S00460,C0732,13,91,36.4
S01491,C0477,0,8,2.4
S00085,C0358,7,56,21.7
S00030,C0645,46,77,55.3
S00424,C1924,24,37,27.9
S00453,C0262,62,28,51.8
S01127,C0968,0,37,11.1
S01288,C0773,43,17,35.2
S00060,C1455,38,20,32.6
S01290,C0266,78,61,72.9
S00719,C0366,26,14,22.4
S00612,C0430,48,61,51.9
S00354,C1464,44,3,31.7
S00428,C1252,51,66,55.5
S00638,C1713,39,88,53.7
S01192,C1206,66,14,50.4
S00545,C1823,30,95,49.5
S00122,C0013,99,68,89.7
S00626,C0912,92,92,92.0
S01458,C1926,78,54,70.8
S01278,C1208,13,72,30.7
S01341,C0792,0,10,3.0
S01426,C1983,93,17,70.2
S00786,C0409,56,96,68.0
S00840,C0814,73,71,72.4
S00978,C0221,97,13,71.8
S01257,C1925,74,49,66.5
S01480,C0186,0,23,6.9
S00723,C1521,7,61,23.2
S01207,C1640,64,40,56.8
S00213,C0620,90,44,76.2
S01120,C1593,10,44,20.2
S00219,C0333,0,45,13.5
S01134,C0390,18,15,17.1
S01337,C1937,85,62,78.1
S00469,C1083,87,3,61.8
S01125,C0449,94,57,82.9
S01048,C1784,16,59,28.9
S01387,C0204,51,64,54.9
S01156,C1621,47,99,62.6
S00977,C0185,72,53,66.3
S01309,C0704,52,16,41.2
S01063,C0434,96,4,68.4
S00405,C0489,67,85,72.4
S00547,C0334,25,4,18.7
S00387,C0213,74,13,55.7
S00909,C1227,21,23,21.6
S01363,C0218,60,20,48.0
S00865,C0308,12,76,31.2
S01109,C0597,77,60,71.9
S00862,C0679,86,18,65.6
S00011,C0569,24,53,32.7
S01220,C1279,51,64,54.9
S00836,C1532,17,26,19.7
S00776,C0332,9,62,24.9
S01350,C0715,31,96,50.5
S01463,C1924,5,57,20.6
S00618,C1803,96,15,71.7
S01291,C0829,25,34,27.7
S00914,C0482,88,77,84.7
S00031,C0314,41,81,53.0
S01140,C1094,19,96,42.1
S00228,C0029,51,14,39.9
S00120,C1926,14,66,29.6
S01200,C0196,78,6,56.4
S00149,C0531,5,81,27.8
S00836,C0284,44,15,35.3
S00145,C0440,55,5,40.0
S01182,C0438,47,33,42.8
S00028,C0311,65,66,65.3
S01360,C0682,82,68,77.8
S00448,C0523,89,93,90.2
S01106,C1916,28,63,38.5
S00661,C0471,49,88,60.7
S01211,C0174,56,15,43.7
S00418,C1901,95,55,83.0
S01074,C1080,2,46,15.2
S00162,C1177,43,50,45.1
S00123,C1551,9,31,15.6
S00470,C0596,42,95,57.9
S01135,C1273,53,22,43.7
S00418,C0958,6,35,14.7
S01257,C1753,1,50,15.7
S01363,C0393,42,31,38.7
S00612,C0668,98,83,93.5
S00104,C0768,55,94,66.7
S01333,C0388,30,59,38.7
S00718,C1421,84,63,77.7
S00278,C0806,26,86,44.0
S01296,C1284,19,62,31.9
S01212,C1009,26,69,38.9
S01324,C1837,97,27,76.0
S00392,C1232,45,49,46.2
S01476,C0190,19,61,31.6
S00108,C1054,68,86,73.4
S00518,C0912,34,91,51.1
S00415,C1865,54,95,66.3
S01233,C1242,55,94,66.7
S00464,C1556,28,98,49.0
S01272,C1563,77,18,59.3
S01193,C1548,21,48,29.1
S00943,C1641,76,22,59.8
S00282,C0478,29,29,29.0
S00285,C1973,78,58,72.0
S00117,C1185,91,81,88.0
S01129,C1815,37,92,53.5
S01245,C1781,7,67,25.0
S00274,C0735,12,73,30.3
S00725,C0956,29,32,29.9
S00621,C0539,87,48,75.3
S00363,C1507,19,38,24.7
S01183,C1935,65,81,69.8
S00375,C0948,35,18,29.9
S00170,C0820,73,52,66.7
S01367,C1615,86,69,80.9
S00826,C0293,74,64,71.0
S00257,C1277,89,38,73.7
S00462,C1418,26,45,31.7
S01052,C0679,73,45,64.6
S00760,C0047,29,76,43.1
S00636,C1376,19,44,26.5
S01074,C0356,7,25,12.4
S01428,C0295,97,52,83.5
S01470,C1859,47,20,38.9
S00882,C1292,21,78,38.1
S00793,C1814,82,21,63.7
S01367,C1217,9,96,35.1
S00087,C0430,90,55,79.5
S00710,C0526,52,19,42.1
S00143,C0987,4,45,16.3
S00798,C0071,66,70,67.2
S01021,C0335,55,34,48.7
S01112,C1804,54,49,52.5
S00657,C0457,89,66,82.1
S01108,C1993,26,69,38.9
S00206,C0244,52,51,51.7
S00522,C1582,12,87,34.5
S00371,C1152,23,45,29.6
S00941,C0747,15,14,14.7
S01240,C0497,8,59,23.3
S00841,C0332,88,78,85.0
S00298,C0034,53,86,62.9
S00997,C0965,47,38,44.3
S00071,C1456,97,78,91.3
S00602,C1372,98,20,74.6
S01228,C1346,97,43,80.8
S00921,C0258,40,91,55.3
S00940,C1438,31,46,35.5
S00344,C1200,44,12,34.4
S01422,C1674,86,22,66.8
S01281,C0569,67,30,55.9
S00210,C1680,55,25,46.0
S00337,C0265,82,22,64.0
S00792,C0001,77,21,60.2
S00127,C1922,2,91,28.7
S00912,C0161,46,25,39.7
S00850,C0055,19,97,42.4
S00255,C0375,25,26,25.3
S00100,C1670,97,3,68.8
S01330,C0204,35,42,37.1
S01232,C1423,49,49,49.0
S00237,C1952,10,33,16.9
S00040,C1693,15,50,25.5
S01124,C0509,81,52,72.3
S00346,C0505,71,21,56.0
S00683,C1514,20,10,17.0
S01310,C0779,76,72,74.8
S00125,C1283,32,53,38.3
S00605,C0564,7,17,10.0
S00279,C0418,12,58,25.8
S00995,C1721,15,94,38.7
S00485,C1858,78,96,83.4
S00472,C0825,8,60,23.6
S00667,C1966,100,7,72.1
S00395,C1674,3,59,19.8
S00455,C1986,78,67,74.7
S00796,C1051,11,45,21.2
S01429,C1183,81,8,59.1
S01202,C0555,64,93,72.7
S01340,C0925,66,24,53.4
S00851,C1103,9,43,19.2
S01035,C0988,59,80,65.3
S00729,C1510,4,95,31.3
S00496,C0896,49,75,56.8
S00617,C0176,62,11,46.7
S01201,C1568,67,29,55.6
S00986,C0465,56,26,47.0
S00214,C1094,47,48,47.3
S00516,C1745,89,54,78.5
S00279,C1306,80,99,85.7
S01310,C0264,34,22,30.4
S01116,C1516,44,21,37.1
S00337,C1461,10,35,17.5
S01400,C0654,93,63,84.0
S00152,C0095,83,76,80.9
S01406,C1649,84,9,61.5
S00590,C1545,70,69,69.7
S00249,C0256,9,63,25.2
S01341,C1218,68,29,56.3
S01113,C1690,82,85,82.9
S01423,C0950,73,30,60.1
S01378,C0901,4,78,26.2
S00882,C0494,33,7,25.2
S00884,C0122,37,13,29.8
S01349,C0441,22,32,25.0
S01018,C1630,34,86,49.6
S00275,C1002,87,96,89.7
S00795,C1773,0,25,7.5
S01500,C1870,89,92,89.9
S00888,C1049,41,17,33.8
S00666,C1555,19,35,23.8
S01046,C1647,50,88,61.4
S01399,C1470,83,11,61.4
S01286,C0084,3,86,27.9
S00742,C1512,62,88,69.8
S00538,C1647,77,90,80.9
S00518,C0099,21,94,42.9
S00973,C1787,23,16,20.9
S00883,C0994,56,11,42.5
S00993,C1635,57,33,49.8
S01003,C1721,56,4,40.4
S00162,C0623,11,41,20.0
S01197,C1606,69,76,71.1
S00269,C0309,3,21,8.4
S01239,C0665,98,56,85.4
S00819,C1203,53,67,57.2
S01034,C0839,93,10,68.1
S00031,C0717,34,37,34.9
S01474,C1136,61,59,60.4
S00783,C1832,27,71,40.2
S00808,C1606,93,40,77.1
S00069,C0730,34,57,40.9
S01465,C1674,81,65,76.2
S00864,C0568,40,56,44.8
S01114,C0586,99,27,77.4
S01333,C0798,90,32,72.6
S01406,C0571,82,57,74.5
S00117,C1279,78,67,74.7
S00776,C0255,90,75,85.5
S00331,C1248,46,22,38.8
S00991,C1143,38,60,44.6
S01139,C0404,68,72,69.2
S01200,C0763,78,100,84.6
S00085,C1551,5,9,6.2
S00957,C1704,29,26,28.1
S00075,C0422,17,22,18.5
S00326,C1882,99,65,88.8
S00289,C1932,88,47,75.7
S00255,C0941,66,92,73.8
S00448,C0736,47,43,45.8
S00996,C0732,14,73,31.7
S00039,C1412,19,84,38.5
S00427,C0053,91,99,93.4
S01347,C0321,75,94,80.7
S01201,C0573,29,48,34.7
S00116,C1642,86,55,76.7
S01056,C1742,46,64,51.4
S00003,C1446,31,19,27.4
S00305,C1924,81,73,78.6
S00900,C0001,81,11,60.0
S01054,C1951,49,54,50.5
S00262,C1027,60,52,57.6
S00638,C1479,38,63,45.5
S00412,C0739,70,98,78.4
S00500,C1831,89,55,78.8
S00474,C1559,33,85,48.6
S00058,C1572,27,22,25.5
S01090,C0387,97,33,77.8
S00500,C1567,3,85,27.6
S01096,C1592,52,0,36.4
S01185,C0319,84,54,75.0
S00805,C0304,100,90,97.0
S01383,C0180,91,6,65.5
S00903,C0206,42,47,43.5
S01071,C0139,24,63,35.7
S00085,C1754,98,53,84.5
S01295,C0688,75,25,60.0
S00683,C1377,52,95,64.9
S00878,C1698,96,3,68.1
S01005,C0852,54,51,53.1
S00816,C0500,96,7,69.3
S01185,C0300,78,71,75.9
S01360,C1063,59,67,61.4
S00251,C0821,18,40,24.6
S00999,C0354,44,49,45.5
S00909,C1919,90,43,75.9
S00843,C1930,92,48,78.8
S01478,C1127,30,60,39.0
S01406,C0076,62,85,68.9
S00487,C1370,54,84,63.0
S00925,C1278,18,76,35.4
S00736,C0939,8,6,7.4
S00944,C0100,78,26,62.4
S01440,C0933,92,68,84.8
S00150,C0220,96,45,80.7
S01344,C1125,20,26,21.8
S00833,C1311,80,18,61.4
S00922,C1429,29,22,26.9
S01442,C0431,8,30,14.6
S00613,C1840,66,94,74.4
S01087,C1337,27,63,37.8
S00708,C1444,71,43,62.6
S01180,C1462,56,5,40.7
S01189,C1072,84,38,70.2
S01353,C0123,2,64,20.6
S00229,C0247,78,18,60.0
S00330,C1654,34,27,31.9
S01260,C0726,38,99,56.3
S00829,C0190,28,60,37.6
S00453,C1560,55,30,47.5
S00964,C0721,30,3,21.9
S00480,C0280,10,24,14.2
S01304,C1141,44,74,53.0
S01482,C0267,1,3,1.6
S00236,C1941,78,39,66.3
S00012,C0401,71,23,56.6
S00350,C0821,95,18,71.9
S01062,C0368,32,53,38.3
S01173,C1478,27,8,21.3
S00591,C1809,98,23,75.5
S00487,C1853,43,11,33.4
S00174,C1824,4,45,16.3
S00536,C1489,71,31,59.0
S00382,C1851,48,79,57.3
S01470,C1229,99,54,85.5
S00636,C1472,94,58,83.2
S00075,C1430,82,93,85.3
S01019,C0673,20,4,15.2
S00215,C0869,81,92,84.3
S01043,C0056,68,82,72.2
S00516,C1387,33,68,43.5
S01076,C1871,10,83,31.9
S01491,C0903,26,19,23.9
S00156,C1145,20,93,41.9
S00370,C0619,86,20,66.2
S01317,C1596,93,58,82.5
S00793,C1164,27,95,47.4
S00202,C0725,46,49,46.9
S01427,C1846,36,84,50.4
S00276,C0788,78,54,70.8
S00360,C0537,46,29,40.9
S01359,C0862,13,23,16.0
S01456,C0117,48,74,55.8
S00766,C1740,89,46,76.1
S00590,C1583,71,2,50.3
S00329,C1922,10,11,10.3
S00989,C1929,92,81,88.7
S01273,C1294,71,90,76.7
S00176,C0490,30,83,45.9
S01085,C0353,28,88,46.0
S00704,C1597,47,70,53.9
S00389,C1947,72,58,67.8
S01290,C0839,22,75,37.9
S00594,C1791,89,0,62.3
S00076,C1326,2,4,2.6
S01335,C1903,88,44,74.8
S00235,C1142,5,57,20.6
S01457,C1372,75,52,68.1
S00536,C0509,64,56,61.6
S01114,C0379,45,39,43.2
S00907,C0992,26,92,45.8
S00674,C0562,81,20,62.7
S00080,C0108,75,75,75.0
S00545,C0532,83,17,63.2
S00531,C0795,41,17,33.8
S01109,C1362,26,17,23.3
S00803,C1114,68,71,68.9
S01259,C1482,44,6,32.6
S00767,C1494,98,25,76.1
S00156,C0076,20,51,29.3
S00200,C0335,13,19,14.8
S00186,C1667,89,58,79.7
S00424,C0175,74,7,53.9
S00811,C1130,34,74,46.0
S00788,C0808,72,85,75.9
S01378,C0470,32,77,45.5
S00373,C0354,72,99,80.1
S01001,C1820,63,24,51.3
S00031,C0104,67,70,67.9
S00921,C1774,68,49,62.3
S00236,C0412,75,43,65.4
S00792,C0851,42,51,44.7
S00765,C0769,34,23,30.7
S01336,C0139,90,65,82.5
S00076,C0795,80,76,78.8
S00190,C0887,75,51,67.8
S01084,C1328,85,30,68.5
S00477,C1498,53,63,56.0
S00144,C1925,50,49,49.7
S00906,C0644,32,18,27.8
S01269,C1413,100,75,92.5
S01382,C1910,100,49,84.7
S00469,C0200,67,69,67.6
S00211,C1244,73,56,67.9
S01456,C0512,25,60,35.5
S00782,C1651,84,96,87.6
S00197,C0235,56,27,47.3
S01128,C0856,66,74,68.4
S00382,C0375,97,96,96.7
S00430,C1779,100,90,97.0
S00403,C1331,41,80,52.7
S00747,C0858,43,68,50.5
S00070,C0575,39,22,33.9
S01322,C1036,75,82,77.1
S00080,C0096,94,82,90.4
S01148,C0581,64,8,47.2
S00424,C1574,0,41,12.3
S01178,C1469,98,27,76.7
S00733,C0989,34,63,42.7
S00045,C0980,81,95,85.2
S01429,C1269,45,85,57.0
S00140,C0896,89,12,65.9
S00589,C0461,59,35,51.8
S00925,C0547,42,2,30.0
S00665,C0369,24,98,46.2
S01199,C0347,59,44,54.5
S00762,C1605,50,79,58.7
S00319,C0906,72,46,64.2
S01243,C0809,61,54,58.9
S00966,C1699,73,13,55.0
S00577,C0633,26,79,41.9
S00763,C0766,65,0,45.5
S00036,C0273,73,100,81.1
S00269,C1969,7,80,28.9
S00533,C1179,34,100,53.8
S01370,C0329,47,51,48.2
S00606,C0876,46,64,51.4
S00124,C0727,30,16,25.8
S00546,C0362,99,45,82.8
S00706,C0263,19,13,17.2
S01233,C1188,83,40,70.1
S00283,C0864,93,77,88.2
S00768,C1122,34,94,52.0
S00729,C1767,46,14,36.4
S01386,C0776,97,85,93.4
S00579,C0576,79,17,60.4
S00079,C0244,67,91,74.2
S00283,C1905,94,12,69.4
S01193,C1014,58,15,45.1
S00478,C0456,44,70,51.8
S00012,C0606,13,59,26.8
S00423,C0122,74,57,68.9
S00480,C0414,86,3,61.1
S00336,C0947,43,91,57.4
S00551,C0084,84,83,83.7
S00244,C1493,2,8,3.8
S00354,C0672,2,59,19.1
S00933,C0629,11,72,29.3
S00660,C1949,7,76,27.7
S00896,C0348,19,93,41.2
S00450,C0861,20,51,29.3
S01346,C1291,32,27,30.5
S00766,C0588,87,52,76.5
S01486,C1057,64,95,73.3
S00200,C1078,19,81,37.6
S00652,C1704,47,90,59.9
S00212,C0196,71,34,59.9
S00214,C0541,73,54,67.3
S00092,C0231,68,53,63.5
S00762,C1298,67,47,61.0
S00188,C0413,72,99,80.1
S01301,C1106,92,49,79.1
S01364,C1603,15,75,33.0
S01450,C0645,86,94,88.4
S00216,C0465,30,79,44.7
S00316,C1043,55,45,52.0
S00757,C0516,63,35,54.6
S01359,C1057,51,35,46.2
S00455,C1881,71,11,53.0
S01473,C0529,78,0,54.6
S00099,C1191,15,99,40.2
S00285,C1832,53,59,54.8
S00781,C0125,1,8,3.1
S01456,C0935,40,27,36.1
S00344,C0176,83,78,81.5
S00443,C0135,62,56,60.2
S00298,C1397,43,58,47.5
S00305,C0666,55,99,68.2
S01388,C1497,69,1,48.6
S01473,C1038,50,92,62.6
S01311,C1905,92,21,70.7
S00425,C1782,47,10,35.9
S00923,C1922,57,8,42.3
S01435,C1032,55,47,52.6
S01173,C1858,49,74,56.5
S00718,C1739,86,64,79.4
S01477,C0184,52,12,40.0
S00046,C1228,78,83,79.5
S00313,C1123,51,65,55.2
S00001,C0532,10,98,36.4
S00459,C1936,87,97,90.0
S00938,C1786,79,45,68.8
S00593,C1584,57,1,40.2
S00072,C1983,80,99,85.7
S01048,C0145,24,20,22.8
S00441,C1803,36,74,47.4
S01453,C1526,63,50,59.1
S00172,C1031,45,6,33.3
S01049,C0830,8,54,21.8
S00301,C1763,36,50,40.2
S00759,C0753,17,44,25.1
S00093,C1197,37,8,28.3
S00044,C1116,56,78,62.6
S00876,C1369,20,17,19.1
S00855,C0744,90,32,72.6
S00267,C1117,16,62,29.8
S01404,C1644,92,93,92.3
S01030,C1740,83,25,65.6
S00798,C0730,21,17,19.8
S00555,C0087,32,42,35.0
S01267,C1156,88,20,67.6
S00477,C0502,57,25,47.4
S00727,C1679,53,64,56.3
S01442,C1502,84,45,72.3
S00917,C0841,94,85,91.3
S00746,C0134,99,89,96.0
S00716,C1191,57,95,68.4
S01004,C0547,86,2,60.8
S00432,C1854,38,43,39.5
S00901,C1467,97,2,68.5
S00898,C0188,58,98,70.0
S00993,C1050,50,80,59.0
S01115,C0804,90,80,87.0
S00156,C0490,73,56,67.9
S00988,C0501,89,14,66.5
S01431,C1711,27,16,23.7
S00565,C0800,82,62,76.0
S00938,C0548,74,68,72.2
S00898,C0811,66,86,72.0
S01417,C0571,74,24,59.0
S01472,C1794,12,18,13.8
S01353,C0336,56,16,44.0
S01236,C1522,49,29,43.0
S01269,C0552,43,25,37.6
S00078,C1255,69,80,72.3
S00107,C1031,100,28,78.4
S00194,C1252,100,67,90.1
S00608,C1233,98,89,95.3
S01013,C0747,0,100,30.0
S00983,C0398,90,32,72.6
S00920,C1591,40,87,54.1
S00485,C0523,97,66,87.7
S00027,C0215,47,33,42.8
S01030,C0788,51,80,59.7
S00522,C1649,73,95,79.6
S01125,C0825,83,51,73.4
S00190,C1870,38,3,27.5
S00203,C0642,82,65,76.9
S00015,C1358,73,76,73.9
S00352,C1852,62,33,53.3
S00749,C1014,4,61,21.1
S00489,C0643,58,77,63.7
S00700,C1162,85,0,59.5
S00198,C0086,95,40,78.5
S00016,C0182,17,28,20.3
S00478,C1591,85,17,64.6
S00173,C1585,55,52,54.1
S00929,C1832,78,30,63.6
S00071,C0052,57,45,53.4
S00774,C1934,49,95,62.8
S00755,C0196,22,20,21.4
S01079,C1125,71,10,52.7
S00054,C0025,26,95,46.7
S01042,C0155,1,76,23.5
S00434,C0532,35,33,34.4
S00907,C0256,52,42,49.0
S01035,C0079,44,21,37.1
S01114,C1214,20,46,27.8
S00795,C0502,38,12,30.2
S01328,C1579,23,29,24.8
S00717,C0340,28,19,25.3
S00008,C0856,82,49,72.1
S00503,C1211,74,18,57.2
S00810,C1987,61,42,55.3
S00930,C1213,19,91,40.6
S00660,C1395,71,37,60.8
S01027,C1827,7,26,12.7
S00075,C0632,60,6,43.8
S00143,C0130,30,46,34.8
S00220,C1163,78,82,79.2
S01012,C0703,53,16,41.9
S00940,C0057,30,78,44.4
S00874,C0212,47,42,45.5
S01047,C1763,23,5,17.6
S01429,C1967,41,58,46.1
S00749,C0632,7,52,20.5
S01062,C0336,24,46,30.6
S00394,C0104,63,62,62.7
S00724,C1765,2,27,9.5
S01451,C1712,40,29,36.7
S01140,C1170,12,60,26.4
S00636,C0627,41,9,31.4
S00786,C1108,10,42,19.6
S01373,C0896,28,38,31.0
S01487,C1587,60,75,64.5
S00867,C0387,81,63,75.6
S01206,C1390,88,5,63.1
S00371,C1097,80,52,71.6
S01183,C0350,46,51,47.5
S00249,C1185,91,4,64.9
S00293,C0066,16,36,22.0
S01496,C1941,48,83,58.5
S00777,C0845,30,13,24.9
S01492,C0166,100,85,95.5
S01373,C1935,44,96,59.6
S00367,C0399,10,59,24.7
S01219,C0888,89,59,80.0
S00058,C1777,36,51,40.5
S01470,C0600,74,13,55.7
S00025,C0542,45,89,58.2
S00922,C0823,44,100,60.8
S00364,C0021,100,47,84.1
S00711,C0683,54,80,61.8
S01451,C1040,75,91,79.8
S00044,C1283,66,71,67.5
S00031,C1925,13,38,20.5
S01378,C0833,46,59,49.9
S01001,C0866,15,59,28.2
S01004,C1477,56,45,52.7
S01089,C1745,43,57,47.2
S00411,C0001,2,63,20.3
S00207,C0910,38,59,44.3
S00217,C1749,0,14,4.2
S00652,C1544,15,6,12.3
S01165,C0053,22,93,43.3
S00904,C1428,94,96,94.6
S00714,C0833,97,40,79.9
S01272,C1759,93,58,82.5
S01420,C1726,75,34,62.7
S00932,C1847,4,17,7.9
S00010,C1846,18,98,42.0
S01408,C0921,62,70,64.4
S01227,C1711,94,94,94.0
S00163,C1829,85,33,69.4
S00551,C1861,97,56,84.7
S01373,C0144,24,59,34.5
S01297,C1837,94,14,70.0
S00330,C0802,32,46,36.2
S00451,C1858,10,70,28.0
S00031,C0710,7,8,7.3
S01345,C0755,83,91,85.4
S00340,C0590,67,90,73.9
S00374,C1040,84,55,75.3
S00818,C1923,5,74,25.7
S01007,C0242,88,93,89.5
S01275,C0420,90,65,82.5
S00122,C0023,81,35,67.2
S00092,C1421,81,50,71.7
S00269,C0512,33,35,33.6
S00396,C0211,10,59,24.7
S00501,C1379,48,56,50.4
S00730,C0027,6,73,26.1
S01472,C0438,77,26,61.7
S00867,C1832,37,98,55.3
S00495,C0504,5,8,5.9
S00315,C0351,97,11,71.2
S00865,C0505,47,22,39.5
S00221,C0382,28,38,31.0
S00764,C1074,39,73,49.2
S00761,C0013,80,60,74.0
S00733,C1734,18,10,15.6
S00931,C0027,95,23,73.4
S00141,C1694,24,56,33.6
S00137,C0681,57,35,50.4
S00555,C0092,46,0,32.2
S00403,C1259,87,93,88.8
S01479,C1707,91,14,67.9
S00106,C0284,49,79,58.0
S00152,C1424,28,71,40.9
S00851,C0409,5,83,28.4
S01369,C0708,98,59,86.3
S01234,C0959,38,89,53.3
S01110,C1524,92,55,80.9
S00078,C1888,5,45,17.0
S01136,C0044,65,89,72.2
S00428,C1369,45,65,51.0
S00506,C1790,92,100,94.4
S01136,C1174,41,3,29.6
S01237,C0600,91,65,83.2
S00255,C1504,47,28,41.3
S00513,C0735,58,29,49.3
S00445,C0592,2,13,5.3
S00895,C0500,97,60,85.9
S00706,C0181,35,9,27.2
S00756,C1759,46,17,37.3
S00865,C1277,38,4,27.8
S01061,C1563,95,73,88.4
S01301,C1013,78,68,75.0
S00274,C1483,29,13,24.2
S00312,C1154,24,30,25.8
S00936,C1192,4,82,27.4
S00256,C1261,62,31,52.7
S00548,C0722,97,9,70.6
S01316,C1759,58,8,43.0
S00565,C0144,98,53,84.5
S00441,C0583,85,15,64.0
S00790,C0922,25,37,28.6
S00088,C1536,79,16,60.1
S01230,C0391,49,99,64.0
S00545,C0951,20,27,22.1
S01375,C1448,94,66,85.6
S00078,C0107,31,71,43.0
S00281,C1881,84,27,66.9
S00816,C0463,24,31,26.1
S01496,C0549,1,19,6.4
S00954,C1593,45,66,51.3
S00272,C1706,62,71,64.7
S00050,C1295,99,82,93.9
S01272,C1387,62,61,61.7
S00606,C1903,13,91,36.4
S00859,C0746,12,78,31.8
S00242,C0744,26,45,31.7
S01022,C0094,10,12,10.6
S00047,C0698,10,52,22.6
S01496,C1346,19,9,16.0
S00898,C0344,40,9,30.7
S00669,C0913,72,45,63.9
S00886,C0070,24,73,38.7
S00314,C1282,53,40,49.1
S01203,C1386,28,8,22.0
S00338,C1140,13,38,20.5
S00045,C0141,61,100,72.7
S00906,C1887,73,34,61.3
S01318,C1345,37,44,39.1
S01228,C0254,1,52,16.3
S00920,C1368,45,96,60.3
S00726,C1943,61,71,64.0
S00467,C1953,26,60,36.2
S00297,C0313,21,13,18.6
S00493,C0034,4,30,11.8
S00680,C1046,88,36,72.4
S00607,C0915,30,69,41.7
S01091,C1648,29,100,50.3
S01345,C1668,58,37,51.7
S01390,C1352,71,12,53.3
S01304,C1097,58,28,49.0
S00921,C1528,45,37,42.6
S00603,C0899,41,27,36.8
S00459,C1561,26,18,23.6
S01173,C1938,92,75,86.9
S00265,C0452,11,1,8.0
S01475,C0050,70,89,75.7
S00621,C1086,40,81,52.3
S00689,C1103,92,0,64.4
S00086,C0280,69,28,56.7
S01049,C0483,53,44,50.3
S00589,C1545,36,62,43.8
S00878,C1638,43,49,44.8
S00681,C1369,97,57,85.0
S01334,C0710,6,75,26.7
S01407,C0973,7,90,31.9
S01000,C1011,11,30,16.7
S00828,C1874,34,84,49.0
S00924,C0898,83,62,76.7
S01055,C0370,18,5,14.1
S00979,C1355,19,86,39.1
S00665,C1854,15,17,15.6
S01359,C0956,91,70,84.7
S00514,C0864,90,65,82.5
S01050,C1708,26,10,21.2
S00279,C0017,62,62,62.0
S00659,C1200,89,75,84.8
S00272,C1219,62,57,60.5
S00278,C1797,5,89,30.2
S01315,C1742,48,61,51.9
S01197,C1044,92,55,80.9
S00996,C0308,5,2,4.1
S00219,C0109,18,39,24.3
S00366,C0227,99,77,92.4
S00978,C1136,28,98,49.0
S00343,C0674,6,59,21.9
S00213,C1394,9,59,24.0
S00259,C1997,38,41,38.9
S00286,C0859,20,81,38.3
S01396,C1305,11,25,15.2
S00526,C1580,14,11,13.1
S00447,C1378,3,23,9.0
S00444,C0901,97,28,76.3
S01232,C1465,81,8,59.1
S00145,C0804,85,78,82.9
S01138,C1763,11,94,35.9
S00367,C0971,40,71,49.3
S00213,C1635,45,4,32.7
S01278,C1889,47,78,56.3
S00988,C1371,20,85,39.5
S01225,C0870,39,55,43.8
S01312,C1487,62,38,54.8
S00200,C0826,22,8,17.8
S00001,C0047,70,37,60.1
S00994,C0957,48,100,63.6
S01461,C0012,25,39,29.2
S01091,C1982,84,41,71.1
S00021,C0223,17,19,17.6
S01305,C0653,76,38,64.6
S00879,C0433,97,40,79.9
S00005,C1360,0,59,17.7
S00917,C1078,20,62,32.6
S00746,C1112,8,85,31.1
S00999,C0107,47,43,45.8
S01063,C0467,68,25,55.1
S00623,C1592,1,71,22.0
S00456,C0861,99,75,91.8
S01338,C0425,60,92,69.6
S00328,C0755,8,51,20.9
S00984,C0330,84,52,74.4
S00658,C0164,96,60,85.2
S01219,C1958,25,30,26.5
S01402,C1963,90,42,75.6
S00552,C1745,87,8,63.3
S00032,C0130,13,19,14.8
S00236,C1011,68,91,74.9
S00714,C1100,19,90,40.3
S01464,C0027,45,57,48.6
S00792,C1359,91,91,91.0
S01052,C1058,70,88,75.4
S00336,C0048,73,98,80.5
S01089,C1272,29,86,46.1
S01269,C1589,12,64,27.6
S00184,C0995,1,37,11.8
S00172,C0703,13,54,25.3
S00991,C1889,28,99,49.3
S00661,C1412,45,65,51.0
S00510,C0615,67,24,54.1
S01307,C0405,53,80,61.1
S00238,C0526,78,20,60.6
S01130,C0858,86,38,71.6
S01101,C0637,70,99,78.7
S00978,C0897,59,11,44.6
S00305,C0684,74,96,80.6
S00180,C1712,28,74,41.8
S00882,C0953,42,48,43.8
S01041,C0425,82,7,59.5
S00645,C0333,7,0,4.9
S00055,C0778,17,22,18.5
S01456,C0268,5,21,9.8
S00857,C0291,68,9,50.3
S01025,C0292,62,70,64.4
S01142,C0291,51,0,35.7
S01265,C1125,37,91,53.2
S00021,C0865,27,65,38.4
S01211,C1766,51,45,49.2
S01243,C1915,100,56,86.8
S00518,C0930,75,85,78.0
S00499,C1782,27,62,37.5
S00832,C0110,20,47,28.1
S01287,C1227,44,29,39.5
S01187,C1711,5,4,4.7
S00070,C0528,46,68,52.6
S00542,C0161,56,6,41.0
S00158,C1234,64,94,73.0
S00809,C1679,35,83,49.4
S00342,C1363,71,80,73.7
S00901,C0635,91,4,64.9
S00871,C1684,72,39,62.1
S00411,C1638,51,22,42.3
S00009,C0772,74,96,80.6
S01096,C1009,20,17,19.1
S00749,C0837,67,65,66.4
S00342,C1737,52,62,55.0
S00170,C0909,41,51,44.0
S01071,C0792,92,69,85.1
S00989,C0216,4,83,27.7
S00926,C1130,71,14,53.9
S01485,C1955,14,77,32.9
S00367,C1257,14,75,32.3
S00704,C1912,72,95,78.9
S01356,C0686,92,25,71.9
S01290,C0767,92,28,72.8
S00413,C0958,61,23,49.6
S00625,C1421,0,86,25.8
S00171,C1543,94,100,95.8
S00754,C0780,95,45,80.0
S01396,C0767,66,68,66.6
S00945,C0222,84,64,78.0
S01100,C1396,43,2,30.7
S00541,C1936,46,75,54.7
S01416,C0846,54,8,40.2
S01209,C1342,81,89,83.4
S00262,C0561,21,15,19.2
S00200,C0241,62,35,53.9
S01011,C1850,58,62,59.2
S01126,C1851,91,34,73.9
S00780,C1660,69,74,70.5
S01047,C1609,16,58,28.6
S00786,C1441,3,12,5.7
S01234,C1901,57,15,44.4
S00068,C0260,20,11,17.3
S00495,C1174,44,83,55.7
S01033,C1834,60,97,71.1
S00944,C1303,4,44,16.0
S01465,C1926,20,34,24.2
S00750,C0793,54,94,66.0
S00797,C1186,37,87,52.0
S00450,C0465,25,27,25.6
S01158,C0600,3,95,30.6
S00212,C0167,52,16,41.2
S00010,C0125,85,47,73.6
S01237,C1239,70,58,66.4
S00955,C1152,97,54,84.1
S00389,C0102,77,36,64.7
S00378,C1986,39,29,36.0
S01082,C1747,97,86,93.7
S00874,C1543,82,81,81.7
S01404,C0799,68,83,72.5
S00749,C1782,63,87,70.2
S01054,C0510,51,55,52.2
S00852,C0931,75,39,64.2
S00389,C1004,77,53,69.8
S00696,C0598,42,50,44.4
S00570,C0412,25,93,45.4
S01363,C1341,18,74,34.8
S00158,C0145,49,92,61.9
S01177,C1413,11,84,32.9
S00559,C0432,49,91,61.6
S00364,C1966,72,89,77.1
S00435,C0610,63,22,50.7
S01283,C1864,10,19,12.7
S00158,C0834,81,19,62.4
S01283,C1547,14,6,11.6
S01178,C1914,94,42,78.4
S01439,C1095,52,77,59.5
S00893,C1844,99,58,86.7
S00845,C1296,0,38,11.4
S01417,C0211,99,11,72.6
S01331,C1967,82,50,72.4
S01126,C0101,27,3,19.8
S01186,C1544,70,47,63.1
S00910,C0125,46,71,53.5
S01226,C0951,73,4,52.3
S01240,C1087,4,39,14.5
S00127,C1932,35,42,37.1
S00591,C0379,73,99,80.8
S01310,C1272,39,51,42.6
S00577,C1938,98,3,69.5
S00478,C0318,15,65,30.0
S00665,C0249,11,64,26.9
S00313,C0641,23,21,22.4
S00824,C1845,63,40,56.1
S00005,C0203,100,36,80.8
S00271,C1899,1,1,1.0
S00042,C1445,75,34,62.7
S01101,C1189,93,80,89.1
S00064,C0901,47,49,47.6
S01454,C0357,65,32,55.1
S00757,C1434,67,31,56.2
S00553,C0652,6,16,9.0
S01348,C0804,81,82,81.3
S00220,C1399,3,39,13.8
S00761,C1835,22,14,19.6
S00809,C0275,50,17,40.1
S01306,C0260,2,31,10.7
S00149,C0087,96,49,81.9
S00061,C0198,87,10,63.9
S01172,C1277,61,95,71.2
S00690,C0374,100,76,92.8
S01470,C1034,89,28,70.7
S01427,C0628,14,36,20.6
S00541,C1655,15,40,22.5
S00086,C1130,0,83,24.9
S00285,C1628,30,87,47.1
S00761,C1487,86,13,64.1
S00098,C0632,10,79,30.7
S01449,C1137,74,1,52.1
S01108,C0638,40,91,55.3
S00986,C1857,91,53,79.6
S00662,C0355,55,44,51.7
S00347,C1483,86,44,73.4
S00005,C1587,98,93,96.5
S01190,C1745,25,100,47.5
S00939,C1731,100,91,97.3
S01118,C1831,25,51,32.8
S01243,C1718,54,49,52.5
S00628,C1758,21,36,25.5
S01225,C1487,60,69,62.7
S00184,C0412,57,91,67.2
S01478,C0704,0,19,5.7
S01453,C0808,83,7,60.2
S01030,C1950,94,31,75.1
S01040,C0213,33,87,49.2
S00969,C0256,63,75,66.6
S01167,C0167,33,42,35.7
S00342,C1297,91,94,91.9
S00098,C0741,3,35,12.6
S01229,C1396,98,25,76.1
S00998,C0713,77,26,61.7
S00499,C0071,63,5,45.6
S00352,C0163,83,85,83.6
S00534,C1849,37,41,38.2
S00289,C1839,78,77,77.7
S01210,C0541,67,43,59.8
S01117,C1370,36,28,33.6
S00261,C0187,23,52,31.7
S01280,C1339,61,53,58.6
S01487,C1970,13,25,16.6
S01067,C1360,54,77,60.9
S01150,C0348,73,52,66.7
S01269,C1390,82,90,84.4
S01295,C1362,69,44,61.5
S00945,C1155,85,85,85.0
S00865,C0411,97,20,73.9
S00772,C0064,42,47,43.5
S00227,C0600,3,84,27.3
S00668,C1090,2,96,30.2
S00100,C1807,42,0,29.4
S01280,C1941,68,18,53.0
S00400,C1005,99,61,87.6
S01362,C1817,43,92,57.7
S00556,C1251,66,37,57.3
S00587,C0448,73,46,64.9
S00857,C0365,6,15,8.7
S00464,C0751,20,42,26.6
S01267,C1427,73,22,57.7
S00025,C1727,83,62,76.7
S00887,C1391,23,84,41.3
S00421,C1259,89,45,75.8
S00628,C0820,49,11,37.6
S00730,C1237,56,15,43.7
S00352,C1642,65,63,64.4
S00451,C1975,5,11,6.8
S00094,C0466,47,88,59.3
S01353,C0615,35,0,24.5
S01285,C1631,93,35,75.6
S01361,C0130,28,59,37.3
S00003,C1444,20,48,28.4
S01274,C1708,31,9,24.4
S01359,C1377,98,34,78.8
S00270,C0475,98,46,82.4
S00822,C0009,35,88,50.9
S01120,C1869,22,76,38.2
S01497,C0643,82,24,64.6
S00174,C0136,18,80,36.6
S00876,C1962,42,28,37.8
S01290,C1762,25,10,20.5
S00349,C0379,38,99,56.3
S01439,C1378,76,26,61.0
S01421,C0909,4,63,21.7
S00331,C1507,42,85,54.9
S00226,C1893,60,90,69.0
S00115,C0720,13,91,36.4
S01081,C0196,58,26,48.4
S00737,C1061,44,21,37.1
S01330,C1092,26,97,47.3
S00633,C1411,97,80,91.9
S01442,C0853,1,80,24.7
S00902,C0171,11,64,26.9
S01385,C0109,70,41,61.3
S01251,C0679,96,60,85.2
S00266,C0492,5,47,17.6
S01336,C0320,28,76,42.4
S00213,C0494,23,19,21.8
S00292,C0847,95,27,74.6
S01032,C0627,73,60,69.1
S01363,C0695,20,69,34.7
S00692,C1238,77,36,64.7
S00522,C1776,98,21,74.9
S00532,C1291,54,41,50.1
S00705,C0091,94,18,71.2
S01038,C1820,47,7,35.0
S00670,C1289,69,57,65.4
S00602,C1105,100,52,85.6
S00587,C0936,63,100,74.1
S01139,C0333,54,70,58.8
S00980,C0393,1,76,23.5
S00566,C1571,97,76,90.7
S00183,C1897,66,39,57.9
S00956,C1593,11,71,29.0
S00862,C0262,54,82,62.4
S00875,C1958,78,51,69.9
S00065,C0211,45,24,38.7
S01310,C1752,75,2,53.1
S01422,C1132,59,73,63.2
S00062,C1355,11,39,19.4
S01209,C0982,30,7,23.1
S01107,C1382,14,41,22.1
S00079,C1736,37,70,46.9
S00183,C1507,60,74,64.2
S00905,C0447,35,12,28.1
S00186,C0217,0,85,25.5
S00200,C0355,78,18,60.0
S01223,C1196,27,3,19.8
S00739,C0307,92,0,64.4
S00068,C0526,30,95,49.5
S00593,C0897,36,9,27.9
S01466,C1780,90,28,71.4
S00113,C1256,21,31,24.0
S00977,C1002,100,31,79.3
S00928,C0847,19,95,41.8
S01174,C0632,59,91,68.6
S00177,C0537,29,65,39.8
S01199,C1227,19,80,37.3
S01420,C1473,26,67,38.3
S00321,C1872,27,83,43.8
S00758,C1725,93,91,92.4
S01358,C0067,38,0,26.6
S00876,C1911,35,12,28.1
S00050,C0538,44,4,32.0
S01378,C1069,36,1,25.5
S01113,C1362,81,93,84.6
S00821,C1713,27,77,42.0
S00876,C1331,36,15,29.7
S01011,C0945,87,12,64.5
S00362,C1701,40,32,37.6
S00341,C0330,24,41,29.1
S00905,C0032,58,81,64.9
S01287,C1764,7,81,29.2
S00575,C1517,74,74,74.0
S01204,C1743,68,46,61.4
S00899,C0613,86,35,70.7
S01197,C1368,27,49,33.6
S00171,C0897,42,14,33.6
S00599,C0202,91,14,67.9
S00293,C0712,58,66,60.4
S00057,C1316,57,81,64.2
S01467,C1607,31,87,47.8
S00777,C0467,39,84,52.5
S00751,C0315,49,99,64.0
S00201,C1351,50,82,59.6
S00988,C1021,43,91,57.4
S00911,C1890,47,97,62.0
S00007,C0345,52,14,40.6
S01493,C1539,62,65,62.9
S01024,C0917,56,27,47.3
S00552,C0812,71,10,52.7
S00426,C0290,71,65,69.2
S00210,C0338,32,80,46.4
S00731,C0267,77,63,72.8
S00424,C0417,49,38,45.7
S01277,C0812,87,69,81.6
S00849,C0598,52,25,43.9
S00548,C1313,57,81,64.2
S00136,C1992,9,5,7.8
S00905,C0829,33,3,24.0
S01022,C1962,38,99,56.3
S00397,C0613,51,47,49.8
S01409,C0860,62,50,58.4
S00351,C0455,96,100,97.2
S00909,C0285,52,97,65.5
S01311,C0562,93,3,66.0
S00838,C1687,61,95,71.2
S01409,C0455,32,80,46.4
S00337,C1252,22,95,43.9
S00967,C1797,17,7,14.0
S01347,C1525,34,80,47.8
S00266,C1449,79,36,66.1
S00029,C1392,25,33,27.4
S01145,C0475,24,96,45.6
S00654,C0152,82,83,82.3
S00792,C1219,62,98,72.8
S00563,C0217,86,61,78.5
S00521,C0184,68,87,73.7
S01265,C0275,79,56,72.1
S00755,C0150,17,52,27.5
S00064,C0973,47,75,55.4
S00500,C0382,78,58,72.0
S00959,C0893,44,7,32.9
S00777,C0012,63,12,47.7
S00146,C1126,95,3,67.4
S00548,C0282,35,36,35.3
S00513,C0636,23,16,20.9
S00762,C1912,73,70,72.1
S00711,C1798,93,50,80.1
S01475,C0276,40,83,52.9
S00764,C0663,53,48,51.5
S01127,C1018,100,63,88.9
S01297,C1421,49,52,49.9
S00418,C1354,87,75,83.4
S00393,C1176,4,60,20.8
S01241,C1624,58,13,44.5
S00254,C1597,3,97,31.2
S00419,C0870,97,95,96.4
S00212,C1057,79,46,69.1
S00740,C0693,55,41,50.8
S01460,C1604,16,62,29.8
S00325,C1304,64,84,70.0
S00804,C1030,62,42,56.0
S00834,C1990,67,83,71.8
S01320,C1208,21,13,18.6
S01472,C1289,18,93,40.5
S01146,C0618,19,74,35.5
S00543,C1989,53,49,51.8
S00576,C0294,69,76,71.1
S00522,C0140,17,25,19.4
S00249,C1535,47,15,37.4
S01105,C1480,60,38,53.4
S00547,C0954,55,2,39.1
S00237,C1780,32,95,50.9
S00454,C1021,14,83,34.7
S00494,C1368,38,42,39.2
S01077,C0784,21,89,41.4
S00512,C0710,40,30,37.0
S00064,C0847,84,69,79.5
S00733,C0768,35,64,43.7
S00918,C1432,43,72,51.7
S00530,C0661,79,54,71.5
S00835,C1733,39,48,41.7
S00434,C0729,97,41,80.2
S00949,C0797,32,6,24.2
S01111,C0535,94,51,81.1
S00151,C1043,12,25,15.9
S01301,C1660,57,79,63.6
S00606,C0323,57,66,59.7
S00986,C0642,56,90,66.2
S00258,C1095,13,36,19.9
S01008,C0822,50,78,58.4
S00639,C0949,9,37,17.4
S00726,C1797,35,66,44.3
S00927,C0482,88,35,72.1
S00208,C1485,82,26,65.2
S01126,C1396,23,33,26.0
S00565,C1098,79,57,72.4
S01191,C0876,61,22,49.3
S01234,C1833,94,20,71.8
S01210,C0753,89,26,70.1
S00496,C0870,15,42,23.1
S01304,C1483,29,12,23.9
S00478,C0581,2,53,17.3
S01275,C1959,25,98,46.9
S00314,C1716,48,27,41.7
S00685,C1306,32,80,46.4
S00644,C0485,74,49,66.5
S00318,C0856,3,6,3.9
S01087,C1093,55,82,63.1
S00457,C0701,82,79,81.1
S00773,C1961,24,9,19.5
S01260,C1410,88,89,88.3
S00290,C0193,49,2,34.9
S01389,C0947,74,58,69.2
S00174,C1991,73,9,53.8
S01046,C1428,54,30,46.8
S01420,C1972,40,87,54.1
S01103,C1601,47,85,58.4
S01273,C0786,84,97,87.9
S00450,C1866,31,46,35.5
S00475,C1852,99,97,98.4
S00406,C0785,68,33,57.5
S01234,C1182,64,53,60.7
S00070,C1915,18,33,22.5
S01388,C1479,23,40,28.1
S00794,C1275,13,36,19.9
S00478,C0429,42,85,54.9
S00468,C0927,72,52,66.0
S00017,C1865,100,75,92.5
S00364,C1781,54,30,46.8
S00264,C1048,88,9,64.3
S00047,C0387,91,88,90.1
S00120,C0647,96,65,86.7
S01393,C0327,88,23,68.5
S00723,C1785,88,74,83.8
S00222,C1582,72,17,55.5
S00438,C1694,63,63,63.0
S00933,C0332,46,37,43.3
S00241,C0617,96,24,74.4
S01403,C1272,18,49,27.3
S00285,C1928,36,94,53.4
S01492,C0659,78,5,56.1
S00512,C0196,7,7,7.0
S00199,C0327,22,40,27.4
S00281,C0635,57,4,41.1
S01071,C0071,70,43,61.9
S01187,C0260,58,31,49.9
S00583,C0533,2,80,25.4
S00620,C0501,94,70,86.8
S00131,C1218,25,35,28.0
S00264,C1725,17,72,33.5
S00435,C1759,23,12,19.7
S00550,C0117,21,99,44.4
S01039,C0120,64,80,68.8
S01255,C0569,17,25,19.4
S00046,C0455,8,28,14.0
S00928,C0464,18,79,36.3
S00716,C0749,73,16,55.9
S00816,C1926,18,56,29.4
S00575,C0770,45,12,35.1
S01448,C0328,79,24,62.5
S00582,C1698,52,21,42.7
S01072,C1747,98,64,87.8
S00883,C1856,81,61,75.0
S00724,C1206,57,4,41.1
S00042,C0617,20,0,14.0
S00159,C0410,58,31,49.9
S00267,C0339,15,59,28.2
S01033,C0203,62,27,51.5
S00104,C1512,58,100,70.6
S00589,C0329,3,65,21.6
S01114,C1986,25,5,19.0
S01231,C1870,50,59,52.7
S00796,C0962,90,82,87.6
S00747,C0912,90,19,68.7
S00092,C1849,31,9,24.4
S01398,C0998,68,27,55.7
S01152,C1241,78,88,81.0
S00310,C0581,16,32,20.8
S00587,C0846,100,80,94.0
S00815,C1482,15,85,36.0
S00243,C0301,56,16,44.0
S00806,C0023,57,30,48.9
S00377,C0205,8,72,27.2
S00324,C0729,16,14,15.4
S01328,C0844,8,83,30.5
S00413,C0032,79,50,70.3
S00436,C0460,68,19,53.3
S00950,C0067,84,23,65.7
S00709,C0215,81,36,67.5
S01130,C1132,60,70,63.0
S01179,C1015,75,37,63.6
S01347,C1358,3,47,16.2
S00852,C1297,65,100,75.5
S00713,C0886,96,89,93.9
S00529,C1969,9,81,30.6
S00275,C0603,45,71,52.8
S01216,C1469,70,63,67.9
S00668,C1468,20,8,16.4
S00086,C1800,8,93,33.5
S01234,C0772,59,68,61.7
S00473,C1721,96,86,93.0
S00272,C1799,10,50,22.0
S01462,C1509,23,67,36.2
S01356,C0782,4,84,28.0
S00057,C1659,24,29,25.5
S00768,C1063,42,40,41.4
S00567,C0140,87,4,62.1
S00700,C1148,19,79,37.0
S00889,C1745,2,75,23.9
S00604,C1834,84,5,60.3
S01186,C1069,85,37,70.6
S00454,C0391,31,81,46.0
S01151,C0899,87,59,78.6
S00830,C1850,64,49,59.5
S00003,C1859,76,71,74.5
S00084,C0293,8,67,25.7
S00761,C1145,90,37,74.1
S00521,C0497,63,81,68.4
S01117,C1682,66,15,50.7
S01301,C1334,26,47,32.3
S00062,C0088,78,74,76.8
S01139,C1373,90,31,72.3
S01160,C1737,69,74,70.5
S00622,C0086,77,50,68.9
S00691,C0457,34,75,46.3
S00048,C0406,71,43,62.6
S00306,C1144,57,9,42.6
S00364,C0543,56,83,64.1
S01219,C0471,65,16,50.3
S00479,C1797,38,31,35.9
S00581,C1154,20,19,19.7
S01196,C0730,87,11,64.2
S01019,C1189,90,70,84.0
S00328,C0360,44,58,48.2
S01355,C0739,93,48,79.5
S00362,C0982,5,56,20.3
S00793,C1947,44,99,60.5
S01440,C0867,14,51,25.1
S01300,C0177,41,55,45.2
S00993,C0939,48,12,37.2
S01126,C1916,46,96,61.0
S00076,C0472,14,11,13.1
S00854,C0528,42,1,29.7
S01091,C0696,30,50,36.0
S01366,C1523,8,15,10.1
S00742,C0308,94,73,87.7
S00711,C0846,44,8,33.2
S01334,C1980,38,38,38.0
S00378,C1854,72,7,52.5
S00952,C0427,34,15,28.3
S00890,C0919,67,9,49.6
S00101,C0067,90,33,72.9
S00453,C0195,29,52,35.9
S00329,C0229,11,33,17.6
S00359,C0889,68,47,61.7
S00287,C0380,58,15,45.1
S01051,C0733,48,96,62.4
S01235,C1947,82,84,82.6
S00888,C0205,68,25,55.1
S00061,C0992,0,89,26.7
S00406,C1073,76,37,64.3
S00843,C0455,60,100,72.0
S01239,C1549,25,90,44.5
S01132,C1128,9,41,18.6
S01460,C1977,71,84,74.9
S00298,C0307,72,17,55.5
S00164,C0969,50,28,43.4
S00034,C1379,14,75,32.3
S01267,C1289,41,67,48.8
S00075,C0604,26,70,39.2
S01178,C0030,8,85,31.1
S00191,C0973,26,58,35.6
S01005,C1774,91,24,70.9
S00501,C0134,72,66,70.2
S00245,C1100,35,89,51.2
S00523,C0407,26,24,25.4
S01355,C0556,19,29,22.0
S00186,C0296,71,20,55.7
S01368,C1395,6,28,12.6
S00774,C1332,76,77,76.3
S01495,C1006,72,35,60.9
S00094,C0812,42,74,51.6
S01177,C0226,41,77,51.8
S01366,C1423,91,10,66.7
S01389,C0533,42,5,30.9
S00252,C1000,42,71,50.7
S00605,C1105,32,34,32.6
S00290,C0283,41,36,39.5
S01298,C1864,71,92,77.3
S01373,C1410,80,59,73.7
S00318,C0498,61,0,42.7
S00396,C0793,82,58,74.8
S00303,C1160,26,15,22.7
S00797,C0676,58,71,61.9
S00427,C1971,46,1,32.5
S01407,C1791,93,53,81.0
S01405,C0485,42,0,29.4
S00218,C1502,66,69,66.9
S00718,C0750,74,20,57.8
S01383,C1310,87,69,81.6
S00270,C0334,43,37,41.2
S00624,C1901,46,56,49.0
S00821,C1849,78,99,84.3
S00265,C0429,63,2,44.7
S01430,C1385,87,17,66.0
S00489,C0661,14,34,20.0
S00119,C0153,8,33,15.5
S00877,C1415,19,66,33.1
S00788,C0837,43,33,40.0
S00961,C1583,25,58,34.9
S00664,C1606,60,64,61.2
S00325,C0411,48,68,54.0
S01366,C0778,89,7,64.4
S01361,C0393,57,59,57.6
S01422,C1653,92,85,89.9
S01114,C0187,66,86,72.0
S00123,C0800,39,2,27.9
S00271,C0651,21,79,38.4
S00823,C1716,10,65,26.5
S00410,C1496,38,20,32.6
S01336,C0504,95,41,78.8
S00975,C0638,94,54,82.0
S01081,C1478,65,56,62.3
S00114,C1150,53,88,63.5
S01341,C1884,92,26,72.2
S01453,C0146,11,62,26.3
S00909,C0857,93,68,85.5
S00882,C1229,8,33,15.5
S00902,C1299,13,45,22.6
S01410,C0932,38,92,54.2
S01124,C0592,61,36,53.5
S01254,C1646,33,28,31.5
S01047,C1529,18,56,29.4
S00378,C1667,22,92,43.0
S00291,C1728,99,83,94.2
S00526,C1373,59,83,66.2
S00486,C1749,2,72,23.0
S00806,C0548,46,6,34.0
S00602,C0185,68,35,58.1
S01243,C1432,67,30,55.9
S01194,C1807,95,31,75.8
S00215,C0783,22,36,26.2
S00222,C0583,86,77,83.3
S00740,C0154,11,41,20.0
S00180,C0643,55,67,58.6
S00732,C1944,57,7,42.0
S00387,C0158,86,50,75.2
S00247,C1489,19,29,22.0
S00946,C0976,48,98,63.0
S01311,C0477,62,8,45.8
S01337,C1588,15,89,37.2
S00727,C0198,11,46,21.5
S01257,C1365,65,53,61.4
S00969,C1455,93,21,71.4
S00283,C0649,28,55,36.1
S00514,C0433,54,53,53.7
S01462,C0569,55,48,52.9
S00719,C1242,13,68,29.5
S00919,C1514,75,42,65.1
S00906,C1823,52,98,65.8
S00665,C0800,6,84,29.4
S01435,C1938,66,47,60.3
S00716,C1406,94,69,86.5
S00306,C1221,41,23,35.6
S01203,C0823,1,96,29.5
S00482,C0510,12,92,36.0
S00130,C1169,25,18,22.9
S00833,C1066,66,70,67.2
S00060,C0560,54,43,50.7
S00817,C1382,85,43,72.4
S01358,C1028,15,6,12.3
S00520,C0138,14,42,22.4
S00216,C1936,73,58,68.5
S01296,C0999,86,18,65.6
S00405,C1342,58,62,59.2
S00445,C0841,77,26,61.7
S00458,C0405,87,27,69.0
S00303,C1422,33,72,44.7
S00453,C1000,11,79,31.4
S00534,C1187,64,36,55.6
S01381,C1118,22,100,45.4
S01036,C1325,50,64,54.2
S01108,C0589,61,23,49.6
S00648,C0943,3,82,26.7
S01493,C1717,88,99,91.3
S01146,C0270,16,13,15.1
S00103,C0437,2,23,8.3
S01239,C0721,73,29,59.8
S00357,C0464,52,51,51.7
S01040,C1305,46,43,45.1
S00852,C1413,17,69,32.6
S00072,C0385,1,87,26.8
S00352,C0473,72,96,79.2
S01104,C0233,50,58,52.4
S00223,C1282,16,6,13.0
S00125,C1887,74,87,77.9
S00943,C1845,4,34,13.0
S00212,C1127,11,97,36.8
S00650,C1582,50,18,40.4
S00902,C1078,80,36,66.8
S01394,C1795,66,76,69.0
S00713,C0809,26,21,24.5
S00071,C1147,87,38,72.3
S00842,C1891,39,44,40.5
S00874,C0377,12,40,20.4
S01245,C1821,94,4,67.0
S01416,C1577,77,7,56.0
S00208,C0883,58,38,52.0
S01407,C0590,52,34,46.6
S01395,C1450,94,97,94.9
S01149,C0248,86,21,66.5
S00756,C0764,48,89,60.3
S00921,C0079,86,70,81.2
S00193,C1896,52,52,52.0
S00906,C1396,84,31,68.1
S00262,C0067,57,24,47.1
S01066,C0849,55,71,59.8
S01150,C0761,83,80,82.1
S00365,C1205,8,95,34.1
S00353,C0335,22,48,29.8
S00973,C1689,29,48,34.7
S01168,C1323,65,78,68.9
S01228,C1109,6,49,18.9
S01141,C1256,4,87,28.9
S01143,C1157,44,98,60.2
S01461,C1298,58,63,59.5
S00652,C1206,41,77,51.8
S00069,C1628,84,17,63.9
S00589,C1176,49,63,53.2
S01116,C0798,85,23,66.4
S00902,C0778,52,8,38.8
S00351,C1128,18,80,36.6
S01116,C1839,25,100,47.5
S00041,C0281,27,52,34.5
S00604,C0141,19,52,28.9
S01454,C0148,2,68,21.8
S01308,C1317,56,49,53.9
S01008,C1823,97,77,91.0
S00289,C0684,79,69,76.0
S01402,C0124,2,6,3.2
S01455,C1712,55,100,68.5
S00092,C0324,46,12,35.8
S00159,C1553,40,96,56.8
S00490,C0299,13,86,34.9
S00133,C0921,76,73,75.1
S00586,C0322,65,100,75.5
S01177,C0138,79,43,68.2
S01252,C0757,89,7,64.4
S00844,C0973,53,38,48.5
S00170,C0962,56,78,62.6
S00676,C0189,95,80,90.5
S00055,C1550,97,21,74.2
S01124,C0978,55,100,68.5
S00454,C1390,59,50,56.3
S00614,C0059,96,69,87.9
S00839,C1967,68,55,64.1
S00454,C0560,58,55,57.1
S00468,C0041,45,35,42.0
S00331,C0898,95,44,79.7
S00848,C0250,91,67,83.8
S00630,C1846,96,57,84.3
S00125,C0906,61,24,49.9
S00758,C1722,45,85,57.0
S00949,C0509,90,69,83.7
S00783,C0188,88,49,76.3
S01481,C1156,56,5,40.7
S01450,C0229,12,72,30.0
S01124,C1093,96,87,93.3
S00436,C1017,78,41,66.9
S01090,C0581,0,22,6.6
S01193,C0226,60,57,59.1
S00101,C0101,27,65,38.4
S01302,C1988,7,52,20.5
S00295,C1851,20,21,20.3
S01319,C1212,75,50,67.5
S00251,C0746,58,43,53.5
S01134,C0533,19,41,25.6
S00026,C1026,73,10,54.1
S01131,C1764,52,44,49.6
S01129,C1937,9,29,15.0
S00085,C0934,85,3,60.4
S00891,C1081,62,84,68.6
S00994,C0261,43,40,42.1
S01360,C0829,10,10,10.0
S01316,C0802,67,30,55.9
S00839,C1244,48,81,57.9
S00844,C0767,95,38,77.9
S01014,C0745,91,5,65.2
S01018,C0473,67,35,57.4
S00927,C1573,80,90,83.0
S00564,C0299,33,25,30.6
S00074,C1996,66,29,54.9
S00963,C1979,70,11,52.3
S00286,C0929,91,49,78.4
S01035,C1453,54,18,43.2
S00166,C0279,16,36,22.0
S00602,C0601,45,43,44.4
S00346,C0273,85,13,63.4
S00916,C1702,43,13,34.0
S00446,C1440,6,32,13.8
S00638,C1494,48,71,54.9
S00263,C1838,15,24,17.7
S01153,C1726,21,42,27.3
S01217,C1937,33,7,25.2
S01096,C1751,72,71,71.7
S00693,C0027,92,83,89.3
S00925,C1209,91,17,68.8
S01036,C0146,60,5,43.5
S00862,C0241,56,94,67.4
S00663,C0964,45,5,33.0
S00292,C1839,63,82,68.7
S00904,C0006,40,17,33.1
S01132,C1430,36,16,30.0
S01214,C1665,5,90,30.5
S00512,C1362,75,3,53.4
S00173,C1461,26,57,35.3
S00020,C1073,42,58,46.8
S00208,C1873,50,67,55.1
S00964,C1200,41,52,44.3
S00382,C1456,98,28,77.0
S00021,C1026,63,93,72.0
S00886,C1806,13,44,22.3
S00863,C0643,49,96,63.1
S00476,C0113,95,4,67.7
S01467,C1072,20,2,14.6
S00526,C1286,93,55,81.6
S00336,C1493,77,87,80.0
S01496,C0292,79,69,76.0
S00873,C0172,60,76,64.8
S01268,C1074,2,67,21.5
S00819,C0930,79,22,61.9
S00588,C0735,92,18,69.8
S00552,C1760,74,28,60.2
S00969,C0254,75,92,80.1
S00117,C0399,59,71,62.6
S00347,C1508,95,1,66.8
S01294,C0008,10,15,11.5
S00906,C0222,64,30,53.8
S00681,C1913,21,32,24.3
S00191,C1807,31,88,48.1
S00876,C1426,89,98,91.7
S01311,C1165,36,37,36.3
S00245,C0936,46,66,52.0
S00087,C0078,16,23,18.1
S00512,C0235,93,91,92.4
S00249,C1073,11,22,14.3
S00266,C0882,1,66,20.5
S00013,C1154,13,61,27.4
S00476,C0489,84,31,68.1
S00417,C0776,47,80,56.9
S00837,C1946,54,27,45.9
S00406,C1729,55,41,50.8
S00925,C1359,13,85,34.6
S00299,C1617,3,25,9.6
S01049,C0064,24,10,19.8
S00921,C1629,9,12,9.9
S01109,C1309,24,63,35.7
S00080,C1633,26,13,22.1
S00450,C1064,14,24,17.0
S01393,C0466,32,4,23.6
S01313,C0275,36,53,41.1
S00368,C1473,20,47,28.1
S01066,C0804,97,94,96.1
S01494,C0672,57,11,43.2
S00697,C1868,79,76,78.1
S01121,C0861,90,90,90.0
S01188,C1254,40,30,37.0
S00539,C0827,66,37,57.3
S01198,C0301,6,26,12.0
S00415,C1254,27,87,45.0
S00892,C0667,24,84,42.0
S00809,C0191,59,29,50.0
S00386,C1078,19,66,33.1
S01069,C1739,4,78,26.2
S00860,C0672,64,12,48.4
S00282,C1512,81,46,70.5
S00222,C1055,35,93,52.4
S00585,C0816,75,7,54.6
S00186,C1417,37,75,48.4
S01444,C1808,40,35,38.5
S01058,C0611,64,63,63.7
S00561,C1832,86,70,81.2
S00130,C1634,4,22,9.4
S01481,C1010,53,22,43.7
S01388,C1202,73,25,58.6
S00746,C1570,55,43,51.4
S01222,C1334,32,26,30.2
S01128,C0680,73,80,75.1
S01394,C0889,76,8,55.6
S01122,C0538,42,67,49.5
S00748,C0068,86,49,74.9
S00273,C1242,58,23,47.5
S00165,C0547,0,91,27.3
S01176,C1756,73,69,71.8
S00819,C1360,46,96,61.0
S00228,C0565,97,98,97.3
S01399,C0091,44,71,52.1
S00812,C1871,40,51,43.3
S00619,C1716,39,58,44.7
S00654,C0705,21,3,15.6
S00288,C0765,34,7,25.9
S00401,C1607,55,67,58.6
S00926,C1454,24,76,39.6
S00045,C1635,89,72,83.9
S00531,C1183,52,49,51.1
S01207,C1932,42,53,45.3
S00586,C0124,90,19,68.7
S00006,C1563,3,76,24.9
S01308,C1397,93,54,81.3
S01058,C0785,89,24,69.5
S00326,C1121,52,80,60.4
S00515,C0401,64,20,50.8
S00630,C1324,53,34,47.3
S00473,C0861,22,92,43.0
S00935,C1083,80,95,84.5
S00620,C1267,81,70,77.7
S01207,C1009,45,63,50.4
S01269,C1084,31,73,43.6
S01492,C1286,14,11,13.1
S00855,C1850,73,14,55.3
S00990,C1219,95,18,71.9
S00555,C0152,36,45,38.7
S00846,C0238,60,49,56.7
S00570,C0035,57,98,69.3
S01335,C1826,31,15,26.2
S01348,C1176,96,58,84.6
S00924,C1587,92,41,76.7
S01467,C1944,87,31,70.2
S00135,C1448,62,63,62.3
S01036,C0449,39,54,43.5
S00962,C0947,12,1,8.7
S00600,C0248,18,16,17.4
S00107,C0688,6,64,23.4
S00597,C1163,14,82,34.4
S01187,C0105,20,2,14.6
S00749,C1167,26,61,36.5
S00119,C1451,20,72,35.6
S00916,C1560,35,67,44.6
S01262,C0848,71,88,76.1
S00575,C1208,57,57,57.0
S00399,C0594,15,86,36.3
S00843,C1334,26,19,23.9
S00253,C1425,31,86,47.5
S01242,C0367,21,79,38.4
S00788,C0899,44,2,31.4
S00207,C0513,86,90,87.2
S00478,C0206,0,16,4.8
S00553,C1773,81,27,64.8
S00076,C0566,82,13,61.3
S01018,C0586,7,39,16.6
S00707,C0220,20,13,17.9
S01230,C0066,28,20,25.6
S01197,C1369,78,53,70.5
S00326,C0018,65,58,62.9
S00473,C0508,48,11,36.9
S00077,C1659,65,1,45.8
S00005,C0106,84,26,66.6
S00529,C1696,42,66,49.2
S00304,C1637,71,27,57.8
S00037,C1363,83,87,84.2
S00237,C1459,97,38,79.3
S00849,C1263,76,42,65.8
S00644,C0961,29,92,47.9
S00805,C1499,68,75,70.1
S00227,C1075,37,42,38.5
S00869,C0226,77,42,66.5
S00765,C0082,65,35,56.0
S00214,C0399,92,33,74.3
S01204,C0940,9,23,13.2
S01402,C0043,9,20,12.3
S00874,C1896,2,75,23.9
S01102,C0934,0,89,26.7
S00180,C1015,98,78,92.0
S00296,C0073,10,21,13.3
S01357,C0246,44,23,37.7
S00894,C1747,24,35,27.3
S01326,C0040,73,54,67.3
S01051,C0179,93,0,65.1
S01014,C1355,56,21,45.5
S01035,C0237,75,93,80.4
S00155,C1868,64,65,64.3
S00129,C1376,76,8,55.6
S00967,C0850,64,36,55.6
S01120,C0995,64,7,46.9
S01197,C0374,11,13,11.6
S00706,C0705,43,3,31.0
S00744,C0368,29,1,20.6
S01485,C0028,4,40,14.8
S00467,C1731,53,22,43.7
S00205,C1945,71,57,66.8
S01067,C1821,50,78,58.4
S00899,C1180,7,95,33.4
S01042,C0445,9,31,15.6
S00443,C0834,94,49,80.5
S00124,C1689,36,46,39.0
S00276,C1550,21,87,40.8
S00925,C1412,87,62,79.5
S00669,C1047,50,87,61.1
S01232,C0148,92,50,79.4
S01086,C0967,1,59,18.4
S01299,C0224,94,33,75.7
S00500,C0436,31,94,49.9
S01446,C1893,53,21,43.4
S00579,C1350,20,58,31.4
S00927,C1640,4,14,7.0
S00035,C0749,99,51,84.6
S00232,C0577,98,64,87.8
S00731,C1528,43,53,46.0
S00047,C1122,98,40,80.6
S00930,C0589,34,57,40.9
S00246,C0204,75,80,76.5
S01089,C0861,74,55,68.3
S00372,C0685,56,86,65.0
S00201,C0672,17,20,17.9
S00968,C1116,11,75,30.2
S00926,C0878,22,84,40.6
S00334,C0584,75,53,68.4
S00619,C1064,27,32,28.5
S00329,C0480,100,28,78.4
S00329,C0269,73,86,76.9
S00253,C0411,89,1,62.6
S00113,C0513,73,94,79.3
S01033,C1166,35,31,33.8
S00164,C0962,34,87,49.9
S00405,C0320,21,87,40.8
S00260,C1603,61,27,50.8
S00082,C0830,25,91,44.8
S01468,C0336,74,9,54.5
S01189,C0687,93,72,86.7
S00467,C0575,88,76,84.4
S00976,C0037,41,22,35.3
S01335,C0379,19,31,22.6
S00058,C0781,54,74,60.0
S00954,C1364,86,79,83.9
S00921,C1186,89,23,69.2
S00702,C0842,79,0,55.3
S00118,C0292,11,28,16.1
S00269,C0536,59,95,69.8
S01269,C1866,95,58,83.9
S00224,C1317,19,55,29.8
S01129,C1812,58,40,52.6
S01016,C0708,73,87,77.2
S00378,C0041,11,3,8.6
S00408,C0461,30,5,22.5
S01490,C1559,10,4,8.2
S00439,C0711,62,60,61.4
S01140,C0682,77,49,68.6
S00521,C1143,0,66,19.8
S00287,C0988,24,93,44.7
S00171,C0820,90,42,75.6
S01337,C1369,43,40,42.1
S01273,C0953,51,34,45.9
S01424,C1347,90,15,67.5
S01182,C1693,8,96,34.4
S00739,C0554,98,90,95.6
S01000,C1308,11,94,35.9
S00246,C0851,10,84,32.2
S00727,C0008,27,44,32.1
S00557,C0351,39,40,39.3
S00766,C0540,55,88,64.9
S01245,C0304,35,51,39.8
S00587,C0519,34,1,24.1
S01240,C1538,90,56,79.8
S01336,C0219,72,41,62.7
S00850,C0887,54,82,62.4
S00740,C0837,72,68,70.8
S00439,C1039,1,49,15.4
S01262,C0225,93,42,77.7
S00210,C1817,14,36,20.6
S00352,C1643,59,35,51.8
S00473,C0018,31,84,46.9
S00521,C0271,86,62,78.8
S00687,C1318,35,62,43.1
S00825,C1732,17,98,41.3
S01334,C0486,23,22,22.7
S00142,C1340,15,81,34.8
S01185,C0420,100,65,89.5
S00434,C1571,84,22,65.4
S01093,C0032,89,47,76.4
S00558,C1519,73,22,57.7
S01054,C0026,73,66,70.9
S01156,C0789,58,98,70.0
S00495,C1184,72,22,57.0
S00741,C1579,14,46,23.6
S01341,C0109,57,36,50.7
S00101,C0898,77,7,56.0
S00962,C0570,1,6,2.5
S00478,C0823,4,71,24.1
S00451,C0719,22,6,17.2
S00581,C1444,38,95,55.1
S00268,C1511,50,95,63.5
S01065,C0128,83,72,79.7
S00954,C0068,99,67,89.4
S00291,C0343,63,23,51.0
S01066,C0422,47,51,48.2
S01473,C1892,80,26,63.8
S00047,C1946,98,100,98.6
S01357,C0449,82,15,61.9
S00377,C0216,49,5,35.8
S01169,C0039,6,81,28.5
S00381,C0003,37,87,52.0
S00860,C0753,96,40,79.2
S00961,C1473,0,39,11.7
S00011,C0992,92,27,72.5
S00966,C0809,53,68,57.5
S00399,C0595,80,66,75.8
S00847,C0770,41,22,35.3
S01263,C1340,65,71,66.8
S00424,C0434,96,24,74.4
S00105,C0350,3,7,4.2
S00018,C1586,7,34,15.1
S01467,C1419,36,86,51.0
S00777,C1528,64,0,44.8
S00008,C0215,63,78,67.5
S00267,C1176,80,28,64.4
S01381,C0629,94,28,74.2
S00255,C1039,45,94,59.7
S00405,C1260,83,51,73.4
S00723,C0963,66,78,69.6
S01210,C1339,73,77,74.2
S01285,C0626,62,35,53.9
S00293,C1898,38,12,30.2
S00445,C0488,56,86,65.0
S01098,C0742,28,52,35.2
S00909,C0358,0,96,28.8
S01185,C1009,78,94,82.8
S00817,C1307,85,2,60.1
S00030,C0338,8,19,11.3
S00233,C0110,60,94,70.2
S00752,C1308,90,13,66.9
S00134,C0499,94,12,69.4
S00339,C0632,95,16,71.3
S00436,C1220,26,27,26.3
S00819,C0116,83,2,58.7
S00274,C0911,74,25,59.3
S01251,C0116,93,98,94.5
S00949,C0909,28,35,30.1
S00914,C1902,87,81,85.2
S00138,C1582,16,5,12.7
S00039,C1065,60,11,45.3
S00118,C0981,72,35,60.9
S01407,C0605,66,69,66.9
S01346,C1772,3,89,28.8
S00475,C0114,77,17,59.0
S00094,C1341,82,94,85.6
S00305,C1793,10,48,21.4
S00885,C1871,66,95,74.7
S00480,C1437,37,57,43.0
S01056,C0452,97,27,76.0
S00438,C0958,89,62,80.9
S01056,C0677,26,49,32.9
S00857,C1129,41,51,44.0
S00092,C1102,11,52,23.3
S00673,C1086,45,47,45.6
S00094,C0984,21,61,33.0
S00009,C1610,7,64,24.1
S00774,C1387,16,29,19.9
S00002,C0003,81,70,77.7
S00501,C1395,28,86,45.4
S01332,C0061,44,15,35.3
S00528,C0083,2,94,29.6
S00953,C0668,30,78,44.4
S00023,C0132,68,87,73.7
S01173,C1019,67,70,67.9
S01276,C0508,33,30,32.1
S00153,C1873,48,1,33.9
S01362,C1973,81,95,85.2
S00956,C0953,65,6,47.3
S00494,C0102,75,83,77.4
S01437,C0850,36,50,40.2
S00277,C1437,26,0,18.2
S00024,C0645,12,58,25.8
S00183,C0636,95,76,89.3
S00573,C0173,28,0,19.6
S00679,C1799,71,52,65.3
S01441,C0808,17,12,15.5
S00799,C0027,89,18,67.7
S00587,C1153,42,76,52.2
S00845,C1659,64,72,66.4
S00956,C1680,28,33,29.5
S01414,C1783,93,37,76.2
S01076,C0396,9,66,26.1
S01353,C1850,23,54,32.3
S00236,C0037,55,72,60.1
S01313,C0394,18,99,42.3
S00334,C0704,25,56,34.3
S00238,C0637,83,51,73.4
S00818,C0780,56,74,61.4
S01313,C1919,49,16,39.1
S00668,C0625,1,69,21.4
S00404,C1233,62,9,46.1
S00628,C1898,90,56,79.8
S00269,C1197,27,49,33.6
S00006,C0631,65,81,69.8
S00119,C0325,99,78,92.7
S00380,C0890,41,9,31.4
S00859,C0343,35,18,29.9
S01214,C0885,71,97,78.8
S01191,C0806,15,39,22.2
S00236,C1349,19,66,33.1
S01119,C1762,21,31,24.0
S00840,C1804,55,56,55.3
S01180,C0184,69,27,56.4
S00475,C1497,12,1,8.7
S01441,C1386,93,39,76.8
S01425,C0189,41,30,37.7
S00113,C1519,9,77,29.4
S01091,C0438,83,56,74.9
S00792,C0022,38,26,34.4
S00179,C1728,41,5,30.2
S00601,C1173,42,13,33.3
S01427,C1956,96,30,76.2
S00224,C0697,94,72,87.4
S00826,C0105,66,28,54.6
S00366,C0788,95,79,90.2
S00430,C2000,3,100,32.1
S01188,C1797,36,82,49.8
S01003,C1750,6,41,16.5
S00458,C0749,89,28,70.7
S01295,C1231,89,6,64.1
S01031,C1258,9,4,7.5
S00543,C0093,75,80,76.5
S00777,C1268,20,30,23.0
S00991,C1453,29,74,42.5
S00343,C0885,15,74,32.7
S00281,C1329,25,41,29.8
S00424,C0805,58,42,53.2
S00620,C1225,25,74,39.7
S00672,C1186,13,22,15.7
S01067,C1051,3,12,5.7
S01298,C1043,64,70,65.8
S00829,C0724,85,57,76.6
S01047,C1571,66,88,72.6
S00763,C1608,20,74,36.2
S00381,C1491,41,74,50.9
S01162,C0790,72,0,50.4
S01348,C0850,83,48,72.5
S01237,C0774,26,44,31.4
S00778,C0282,15,87,36.6
S00740,C1149,83,49,72.8
S00927,C1314,38,32,36.2
S00005,C0689,51,10,38.7
S01183,C1870,49,58,51.7
S00459,C0279,59,14,45.5
S00975,C0524,69,29,57.0
S00591,C1963,76,33,63.1
S00610,C1185,11,20,13.7
S00993,C0324,3,77,25.2
S00564,C0193,92,32,74.0
S01222,C0597,49,85,59.8
S01184,C1290,13,69,29.8
S00677,C1797,19,12,16.9
S00621,C1994,84,11,62.1
S00781,C0060,36,31,34.5
S00287,C0987,18,21,18.9
S00478,C0584,47,70,53.9
S00330,C0722,36,70,46.2
S00836,C1195,11,69,28.4
S00600,C0173,98,9,71.3
S00252,C0527,39,60,45.3
S01435,C1376,90,1,63.3
S00196,C1226,95,13,70.4
S01422,C0837,74,60,69.8
S00218,C0169,14,56,26.6
S00056,C0407,8,43,18.5
S00834,C1949,39,62,45.9
S00476,C0971,73,8,53.5
S00853,C0605,17,83,36.8
S00831,C1863,49,2,34.9
S00142,C1239,90,73,84.9
S01034,C0320,53,17,42.2
S00649,C1602,96,37,78.3
S00115,C1628,47,92,60.5
S00549,C1040,94,51,81.1
S00993,C0283,100,56,86.8
S00554,C1418,12,62,27.0
S01272,C0660,20,91,41.3
S00062,C1486,54,41,50.1
S00610,C0504,55,79,62.2
S00608,C0934,34,90,50.8
S01443,C1876,32,47,36.5
S01159,C0394,20,97,43.1
S00293,C1919,4,75,25.3
S00177,C1988,43,78,53.5
S01425,C1560,68,51,62.9
S00856,C1742,12,36,19.2
S00541,C1848,12,59,26.1
S00615,C1413,34,12,27.4
S00330,C1064,51,28,44.1
S00351,C0006,77,49,68.6
S01485,C0325,87,94,89.1
S00180,C1735,64,47,58.9
S00383,C0166,63,50,59.1
S00224,C1575,100,27,78.1
S00890,C1319,94,2,66.4
S00232,C0519,41,72,50.3
S01280,C0584,20,44,27.2
S00552,C0083,37,91,53.2
S01299,C0284,91,22,70.3
S00432,C0025,16,27,19.3
S00411,C1266,47,35,43.4
S00625,C0697,69,51,63.6
S00353,C0698,7,3,5.8
S01460,C0097,26,25,25.7
S01169,C1952,40,4,29.2
S01463,C0335,61,58,60.1
S00660,C1849,76,6,55.0
S00814,C0330,11,47,21.8
S00915,C1807,100,31,79.3
S01482,C1605,71,11,53.0
S01042,C1707,12,11,11.7
S01064,C1216,68,73,69.5
S00277,C0723,1,17,5.8
S01320,C1096,66,49,60.9
S00329,C1422,61,36,53.5
S00310,C0739,37,50,40.9
S00079,C0102,29,56,37.1
S01259,C1091,70,73,70.9
S00012,C1240,2,56,18.2
S01496,C1698,26,37,29.3
S01107,C0364,62,99,73.1
S00987,C0920,70,37,60.1
S00352,C0727,31,55,38.2
S00582,C1804,19,41,25.6
S00091,C0030,82,71,78.7
S00740,C0689,41,56,45.5
S00930,C0535,24,81,41.1
S00834,C1001,16,58,28.6
S01355,C1293,22,88,41.8
S00613,C0024,26,51,33.5
S00650,C1346,76,14,57.4
S01144,C0143,91,11,67.0
S00731,C0239,57,77,63.0
S00305,C1593,17,54,28.1
S00152,C0379,50,83,59.9
S00789,C1271,82,86,83.2
S01385,C0666,94,76,88.6
S00883,C0639,61,40,54.7
S00823,C1547,38,8,29.0
S00784,C0788,44,8,33.2
S00383,C0117,6,32,13.8
S01032,C1759,41,14,32.9
S00900,C1962,37,69,46.6
S00174,C0854,23,51,31.4
S00782,C0986,40,82,52.6
S00335,C0073,52,45,49.9
S00799,C0147,22,98,44.8
S00832,C0312,85,37,70.6
S01183,C0717,16,51,26.5
S01315,C0484,11,12,11.3
S00552,C0330,16,3,12.1
S01463,C0216,63,55,60.6
S01468,C0794,14,29,18.5
S00234,C0757,36,64,44.4
S00463,C0261,72,15,54.9
S00057,C1578,87,55,77.4
S01368,C1703,59,58,58.7
S01454,C1158,95,11,69.8
S00399,C0598,72,28,58.8
S00945,C0023,20,66,33.8
S00182,C0153,21,23,21.6
S01486,C1916,77,55,70.4
S01400,C1276,83,18,63.5
S00671,C0361,13,93,37.0
S00263,C0793,41,5,30.2
S00884,C1694,78,89,81.3
S01217,C1872,97,69,88.6
S00717,C0040,81,68,77.1
S01366,C1210,94,80,89.8
S01086,C1296,6,100,34.2
S00570,C1219,29,62,38.9
S00078,C1936,42,78,52.8
S00005,C0938,48,46,47.4
S00555,C1662,59,35,51.8
S01472,C0853,21,41,27.0
S00342,C0164,92,5,65.9
S00738,C0984,29,50,35.3
S00898,C0151,66,70,67.2
S00059,C0108,42,83,54.3
S00395,C0967,16,98,40.6
S00212,C0472,43,61,48.4
S01013,C1832,76,54,69.4
S01047,C1705,84,19,64.5
S00988,C0716,61,83,67.6
S00309,C1716,32,74,44.6
S01299,C1310,37,82,50.5
S00909,C0426,27,85,44.4
S01355,C1895,6,33,14.1
S01010,C1036,53,22,43.7
S00184,C1986,0,79,23.7
S00817,C0586,39,5,28.8
S01284,C1076,5,86,29.3
S00677,C1369,74,31,61.1
S00438,C0821,93,41,77.4
S01017,C1089,70,13,52.9
S01212,C0100,61,88,69.1
S00684,C0544,43,9,32.8
S00414,C1518,24,9,19.5
S01479,C0547,59,81,65.6
S00746,C0478,9,20,12.3
S00149,C1089,42,73,51.3
S00898,C1559,60,98,71.4
S00113,C1737,53,4,38.3
S01382,C1378,57,42,52.5
S01432,C0267,8,14,9.8
S01448,C0229,77,2,54.5
S00381,C1732,52,81,60.7
S01217,C0578,15,26,18.3
S01377,C1706,99,7,71.4
S01442,C0357,94,64,85.0
S00392,C0238,74,46,65.6
S01158,C0305,67,86,72.7
S01347,C0445,86,59,77.9
S00596,C0283,34,91,51.1
S00421,C1838,75,67,72.6
S01133,C1295,77,97,83.0
S00915,C0505,39,68,47.7
S00295,C0396,3,55,18.6
S00480,C1313,83,95,86.6
S00777,C1886,39,29,36.0
S00051,C1578,76,43,66.1
S01424,C1824,92,61,82.7
S01473,C0219,19,86,39.1
S00878,C0923,92,14,68.6
S00485,C0664,47,93,60.8
S01429,C1605,2,83,26.3
S01480,C1609,97,27,76.0
S00933,C1140,51,29,44.4
S00961,C1897,8,21,11.9
S00761,C1833,14,14,14.0
S00475,C0528,42,53,45.3
S00521,C0810,13,84,34.3
S00230,C0122,53,19,42.8
S00505,C1638,37,56,42.7
S00810,C0987,20,36,24.8
S00111,C1072,25,79,41.2
S01281,C1847,100,10,73.0
S01023,C1610,48,79,57.3
S00655,C0652,18,6,14.4
S01111,C0565,39,24,34.5
S01237,C1567,15,13,14.4
S00257,C0579,6,97,33.3
S00856,C0083,58,71,61.9
S00440,C0501,81,94,84.9
S00349,C1263,36,50,40.2
S00948,C1055,11,45,21.2
S00996,C1619,67,92,74.5
S00503,C0178,19,46,27.1
S00728,C0283,56,74,61.4
S01146,C1989,80,31,65.3
S01216,C1780,2,31,10.7
S00064,C1688,60,25,49.5
S00584,C0104,52,21,42.7
S00941,C0294,76,96,82.0
S00491,C0614,46,71,53.5
S00387,C0383,80,50,71.0
S00513,C1956,7,38,16.3
S00527,C0782,36,86,51.0
S01060,C1274,35,31,33.8
S00496,C1230,1,27,8.8
S00708,C1810,49,96,63.1
S00091,C0166,41,48,43.1
S01363,C0172,88,84,86.8
S01000,C1430,82,41,69.7
S00563,C1520,1,59,18.4
S00891,C1494,56,73,61.1
S00543,C1214,53,45,50.6
S01258,C1132,47,20,38.9
S01057,C1139,6,22,10.8
S00758,C1618,44,27,38.9
S01396,C0405,41,55,45.2
S00347,C1153,21,31,24.0
S00104,C0477,97,97,97.0
S01386,C0488,51,69,56.4
S00993,C1698,33,59,40.8
S01443,C0538,19,0,13.3
S00108,C0498,75,96,81.3
S00053,C1981,98,27,76.7
S01327,C1043,16,29,19.9
S00721,C0139,95,90,93.5
S01110,C0190,7,82,29.5
S00143,C0364,67,43,59.8
S00274,C1469,57,10,42.9
S00166,C1455,12,51,23.7
S00590,C1167,94,24,73.0
S00212,C1133,89,43,75.2
S00778,C0386,32,7,24.5
S00764,C0507,35,66,44.3
S00810,C0641,52,21,42.7
S01474,C0695,41,82,53.3
S01133,C1749,47,23,39.8
S00531,C0349,69,83,73.2
S00053,C1146,34,70,44.8
S00934,C1845,39,45,40.8
S01365,C0885,35,38,35.9
S00848,C0350,36,13,29.1
S00227,C1958,21,59,32.4
S01356,C0854,31,76,44.5
S00320,C1724,54,60,55.8
S01322,C1138,7,66,24.7
S01230,C1914,96,57,84.3
S00806,C1468,74,9,54.5
S01084,C0846,34,34,34.0
S00973,C0159,95,56,83.3
S00247,C0081,92,4,65.6
S00093,C1978,21,21,21.0
S00069,C0975,92,84,89.6
S00084,C1147,42,18,34.8
S01194,C0286,79,87,81.4
S01075,C1265,22,13,19.3
S01144,C0056,85,56,76.3
S00370,C0654,37,88,52.3
S00739,C0990,57,47,54.0
S00489,C1688,48,9,36.3
S00675,C0745,93,5,66.6
S00634,C1365,28,89,46.3
S00486,C1765,43,25,37.6
S01167,C0290,63,0,44.1
S00550,C1201,3,5,3.6
S01280,C0423,68,77,70.7
S00550,C1547,50,78,58.4
S00165,C0600,22,54,31.6
S00380,C1768,4,35,13.3
S01287,C0468,6,11,7.5
S00131,C0939,93,39,76.8
S00918,C0580,39,57,44.4
S00487,C0897,94,27,73.9
S00766,C0449,12,14,12.6
S01302,C0851,6,10,7.2
S00984,C0658,14,99,39.5
S00398,C1066,47,98,62.3
S01069,C1484,92,96,93.2
S00425,C0653,30,81,45.3
S00538,C1963,49,6,36.1
S01463,C1924,96,56,84.0
S00781,C1308,42,65,48.9
S00021,C0391,80,44,69.2
S00120,C0585,60,51,57.3
S00324,C0454,18,87,38.7
S00585,C1343,28,36,30.4
S00904,C0734,69,1,48.6
S00387,C1173,76,62,71.8
S00805,C0370,44,27,38.9
S00709,C1083,86,20,66.2
S00197,C0967,98,27,76.7
S01491,C0871,74,52,67.4
S00667,C1782,62,28,51.8
S01108,C1467,56,91,66.5
S00924,C0125,56,45,52.7
S00269,C1295,13,58,26.5
S00806,C1714,51,59,53.4
S00050,C0494,82,9,60.1
S01413,C1679,8,69,26.3
S00787,C0494,8,60,23.6
S00514,C1629,32,89,49.1
S00893,C0871,15,96,39.3
S01128,C0169,26,58,35.6
S00973,C0714,20,80,38.0
S01497,C1191,81,80,80.7
S00210,C0946,24,54,33.0
S01259,C0926,26,52,33.8
S01421,C1855,63,45,57.6
S00531,C1641,5,65,23.0
S00273,C1840,22,99,45.1
S00003,C0836,83,22,64.7
S01264,C1362,13,3,10.0
S01352,C0119,95,88,92.9
S00665,C1058,61,28,51.1
S00313,C0345,2,22,8.0
S00023,C0941,61,40,54.7
S00103,C1972,2,41,13.7
S00307,C0527,38,73,48.5
S00815,C1832,98,27,76.7
S00449,C0486,16,71,32.5
S01163,C1375,87,36,71.7
S01430,C1847,59,34,51.5
S01131,C1800,44,44,44.0
S00870,C0901,4,9,5.5
S00663,C1349,44,5,32.3
S00701,C1920,31,21,28.0
S01138,C0827,98,79,92.3
S00557,C0296,41,12,32.3
S01399,C1345,71,5,51.2
S01318,C1255,16,70,32.2
S01139,C0599,26,55,34.7
S00087,C1237,1,19,6.4
S00732,C0324,63,57,61.2
S00036,C1167,23,5,17.6
S00037,C1773,89,45,75.8
S01210,C0980,59,32,50.9
S00906,C1970,53,87,63.2
S00386,C1953,14,80,33.8
S00757,C1651,66,18,51.6
S00652,C0626,80,18,61.4
S01223,C0006,32,40,34.4
S00312,C0274,92,64,83.6
S01033,C1205,59,71,62.6
S01018,C0979,10,30,16.0
S00863,C0294,20,5,15.5
S00372,C1301,93,11,68.4
S00028,C0338,88,100,91.6
S00233,C1987,46,73,54.1
S00296,C0535,25,71,38.8
S00268,C1764,4,2,3.4
S00267,C1060,89,12,65.9
S00577,C0183,75,27,60.6
S00987,C1939,54,23,44.7
S01202,C0865,52,52,52.0
S00267,C0395,67,19,52.6
S00789,C1981,41,48,43.1
S01288,C0253,61,97,71.8
S00152,C1896,74,27,59.9
S00464,C0456,48,74,55.8
S01409,C0203,99,81,93.6
S00622,C1560,99,0,69.3
S00812,C1002,25,23,24.4
S00940,C1841,19,93,41.2
S00655,C0439,34,7,25.9
S01166,C1687,87,25,68.4
S01432,C0958,57,10,42.9
S00923,C1019,92,4,65.6
S00220,C0702,29,78,43.7
S01005,C1254,86,5,61.7
S00730,C1678,10,56,23.8
S00020,C1045,15,88,36.9
S01133,C0219,6,56,21.0
S00345,C1378,50,26,42.8
S00702,C0713,24,98,46.2
S01054,C0548,72,4,51.6
S00661,C1686,68,56,64.4
S00057,C1608,23,33,26.0
S00510,C0710,29,48,34.7
S01164,C1818,32,92,50.0
S00615,C0074,45,29,40.2
S01116,C0698,86,98,89.6
S01241,C1290,13,36,19.9
S00533,C1216,89,3,63.2
S00890,C1732,47,8,35.3
S01136,C1993,99,65,88.8
S00824,C0463,86,25,67.7
S00788,C1028,11,82,32.3
S01108,C0698,62,34,53.6
S01150,C1754,73,61,69.4
S01500,C0175,77,3,54.8
S01091,C1039,79,5,56.8
S00905,C1699,38,72,48.2
S00291,C1743,16,25,18.7
S00410,C0349,28,93,47.5
S00926,C1424,55,62,57.1
S01148,C1794,58,96,69.4
S00208,C1878,37,73,47.8
S01189,C0060,32,48,36.8
S01258,C1231,93,50,80.1
S00140,C0126,67,67,67.0
S00356,C1707,68,19,53.3
S00741,C1963,14,90,36.8
S01438,C0919,71,5,51.2
S00368,C1953,15,2,11.1
S01363,C0075,44,10,33.8
S01357,C0607,67,61,65.2
S00330,C1141,90,63,81.9
S01017,C1591,81,21,63.0
S01241,C1216,9,83,31.2
S01352,C1046,48,39,45.3
S00279,C0827,24,10,19.8
S00121,C1845,99,14,73.5
S01195,C0034,42,66,49.2
S00985,C0633,66,72,67.8
S00220,C1948,84,80,82.8
S00371,C1799,11,19,13.4
S00545,C1884,2,79,25.1
S01183,C0714,32,17,27.5
S00689,C0315,90,10,66.0
S00104,C1809,69,50,63.3
S01163,C1470,59,40,53.3
S00253,C0152,91,9,66.4
S01209,C0703,77,69,74.6
S00429,C0327,71,45,63.2
S00897,C0633,73,4,52.3
S01023,C0311,24,92,44.4
S00970,C0804,35,86,50.3
S00357,C1125,41,28,37.1
S00312,C1556,82,10,60.4
S00582,C1767,75,71,73.8
S00006,C0432,0,89,26.7
S00839,C0274,12,59,26.1
S00966,C0226,37,63,44.8
S00935,C1370,89,38,73.7
S00637,C0519,42,7,31.5
S00234,C0914,80,43,68.9
S00584,C1281,36,62,43.8
S00420,C1614,77,4,55.1
S00391,C0134,87,70,81.9
S00462,C0885,60,37,53.1
S00450,C0724,21,49,29.4
S00022,C0976,62,26,51.2
S00829,C1553,31,12,25.3
S00912,C0784,54,61,56.1
S00891,C1670,1,24,7.9
S00429,C1974,59,24,48.5
S00771,C0405,66,99,75.9
S00965,C0718,41,86,54.5
S00840,C0750,43,96,58.9
S01385,C0073,2,58,18.8
S01219,C0129,72,58,67.8
S01481,C1973,11,31,17.0
S01267,C1752,30,23,27.9
S00372,C0355,8,65,25.1
S00421,C0604,39,70,48.3
S01177,C0161,25,69,38.2
S00538,C0661,5,64,22.7
S01293,C0199,71,4,50.9
S00342,C0026,40,44,41.2
S00022,C1869,17,64,31.1
S00551,C0499,26,21,24.5
S01377,C0800,83,85,83.6
S00289,C0269,33,25,30.6
S01489,C1097,47,74,55.1
S00817,C1933,52,15,40.9
S00328,C0922,43,30,39.1
S00078,C1640,37,50,40.9
S00096,C1724,34,41,36.1
S00127,C0778,77,50,68.9
S00559,C1499,38,60,44.6
S00030,C1355,50,84,60.2
S01059,C1488,36,33,35.1
S01458,C0116,81,24,63.9
S00177,C1336,24,85,42.3
S00143,C1091,86,13,64.1
S01453,C0297,99,20,75.3
S01397,C1947,15,32,20.1
S01418,C1377,64,71,66.1
S01368,C0101,20,9,16.7
S00494,C0068,29,31,29.6
S01355,C0943,60,22,48.6
S00481,C1802,70,47,63.1
S01064,C1781,67,81,71.2
S01102,C1904,46,50,47.2
S01307,C1532,40,61,46.3
S00346,C0574,65,72,67.1
S01097,C1828,72,26,58.2
S00797,C1689,59,69,62.0
S00117,C0295,86,23,67.1
S00587,C1188,18,62,31.2
S00637,C0073,8,67,25.7
S01372,C0207,35,55,41.0
S00472,C1411,83,19,63.8
S01263,C1578,21,69,35.4
S01139,C1925,100,75,92.5
S01439,C0386,90,23,69.9
S00967,C0786,75,73,74.4
S00597,C0102,51,64,54.9
S01306,C0992,63,75,66.6
S00007,C1836,41,20,34.7
S01370,C0873,26,27,26.3
S01043,C1774,78,0,54.6
S00273,C0742,34,7,25.9
S00340,C1692,51,76,58.5
S00040,C0674,90,47,77.1
S00023,C1159,31,60,39.7
S00578,C1860,57,54,56.1
S00792,C0051,96,25,74.7
S00204,C0273,40,93,55.9
S00199,C0269,95,61,84.8
S01412,C1950,84,76,81.6
S00231,C0202,39,91,54.6
S01481,C1600,53,17,42.2
S00041,C1134,80,76,78.8
S00487,C1389,46,85,57.7
S01407,C0615,92,67,84.5
S01202,C0867,67,94,75.1
S01136,C0557,87,4,62.1
S00205,C1938,27,12,22.5
S00826,C0530,39,45,40.8
S01334,C1917,48,35,44.1
S01318,C1038,16,49,25.9
S00313,C0393,39,86,53.1
S01212,C1206,77,79,77.6
S00725,C1317,63,32,53.7
S00540,C0736,93,26,72.9
S01362,C1809,94,68,86.2
S01176,C0018,16,61,29.5
S01382,C1104,48,52,49.2
S00315,C0920,48,2,34.2
S01390,C1004,83,52,73.7
S01358,C0835,52,9,39.1
S01419,C1728,38,66,46.4
S01201,C1070,73,29,59.8
S00469,C0216,50,6,36.8
S01316,C0145,18,92,40.2
S01028,C1912,4,0,2.8
S00961,C0058,89,94,90.5
S00394,C1765,23,88,42.5
S00717,C0839,59,20,47.3
S00048,C0488,74,98,81.2
S00591,C0424,36,41,37.5
S00728,C1179,88,26,69.4
S00408,C0328,61,68,63.1
S00833,C1195,97,58,85.3
S01430,C1796,30,38,32.4
S00050,C0118,16,67,31.3
S00108,C0973,85,52,75.1
S00679,C0880,49,95,62.8
S01344,C1870,83,1,58.4
S01110,C0574,100,59,87.7
S00271,C0443,13,60,27.1
S01381,C0556,64,46,58.6
S01434,C1381,75,24,59.7
S00449,C1495,36,30,34.2
S00087,C1906,89,33,72.2
S01395,C1925,84,85,84.3
S00099,C0502,19,31,22.6
S00811,C1993,25,46,31.3
S01020,C1932,49,88,60.7
S01239,C1625,63,12,47.7
S00306,C1773,51,80,59.7
S00168,C0434,86,95,88.7
S00871,C1802,2,97,30.5
S00352,C1581,48,61,51.9
S00481,C1401,64,41,57.1
S00376,C1016,55,65,58.0
S01036,C0480,29,36,31.1
S00402,C1299,35,73,46.4
S00194,C1596,18,25,20.1
S00141,C1356,99,24,76.5
S00310,C0695,7,86,30.7
S00144,C0288,68,49,62.3
S01163,C0712,30,93,48.9
S01457,C0495,42,30,38.4
S01149,C0305,73,72,72.7
S00310,C1206,31,72,43.3
S00958,C0351,53,43,50.0
S01297,C1025,79,94,83.5
S01485,C0579,72,78,73.8
S00453,C0838,64,53,60.7
S00954,C0049,68,93,75.5
S00593,C0682,84,83,83.7
S01328,C1366,54,72,59.4
S01303,C0167,78,0,54.6
S01151,C1230,16,98,40.6
S00488,C1977,80,18,61.4
S00559,C0746,30,85,46.5
S01177,C0154,50,97,64.1
S00947,C1455,38,71,47.9
S00143,C0341,75,14,56.7
S01421,C0843,50,5,36.5
S00870,C0947,40,67,48.1
S00532,C1565,31,95,50.2
S00066,C1333,86,38,71.6
S00804,C0537,22,60,33.4
S00749,C0259,12,4,9.6
S00852,C0270,84,49,73.5
S00375,C0072,52,89,63.1
S01485,C0994,19,35,23.8
S00851,C0983,81,99,86.4
S01290,C0902,78,63,73.5
S01419,C1464,46,91,59.5
S00061,C1647,20,84,39.2
S00714,C1776,22,47,29.5
S00701,C1485,24,87,42.9
S00667,C1650,49,16,39.1
S01155,C0970,70,23,55.9
S00801,C1339,95,27,74.6
S00771,C1906,59,54,57.5
S01009,C0319,30,65,40.5
S00713,C1100,17,42,24.5
S00986,C0985,65,98,74.9
S01421,C0934,34,78,47.2
S01389,C1375,98,25,76.1
S01395,C1270,80,22,62.6
S01264,C1013,82,48,71.8
S01319,C1844,40,38,39.4
S00694,C0519,4,90,29.8
S01434,C1810,51,57,52.8
S01207,C1529,43,36,40.9
S00011,C0018,70,18,54.4
S00510,C0388,24,81,41.1
S00361,C1447,98,44,81.8
S00175,C1876,7,17,10.0
S00289,C0621,27,93,46.8
S00731,C1698,46,76,55.0
S00204,C2000,57,8,42.3
S01369,C1185,45,49,46.2
S00868,C1427,5,43,16.4
S00368,C1562,39,83,52.2
S00079,C1500,36,18,30.6
S00192,C0150,46,90,59.2
S01021,C1096,81,61,75.0
S00498,C1856,36,45,38.7
S00925,C0912,64,91,72.1
S00788,C0651,84,65,78.3
S00685,C1866,77,40,65.9
S01150,C0065,72,48,64.8
S01426,C0401,32,73,44.3
S00745,C0339,51,79,59.4
S00066,C1591,83,91,85.4
S00607,C0799,14,69,30.5
S00499,C0342,94,6,67.6
S00767,C0469,8,63,24.5
S00943,C1228,97,83,92.8
S01364,C1075,30,86,46.8
S00644,C0233,52,94,64.6
S00704,C1458,54,20,43.8
S00721,C1379,13,51,24.4
S00083,C0451,0,87,26.1
S00289,C1449,46,42,44.8
S00231,C1830,41,75,51.2
S01304,C0957,84,74,81.0
S00056,C1243,83,96,86.9
S00192,C1145,87,74,83.1
S00042,C0424,96,90,94.2
S00937,C1338,37,79,49.6
S00162,C0374,70,93,76.9
S00979,C0437,60,40,54.0
S01120,C0307,32,52,38.0
S00352,C1566,16,57,28.3
S01011,C0286,9,84,31.5
S01293,C1731,51,40,47.7
S00633,C1369,94,97,94.9
S00608,C0262,84,24,66.0
S00207,C0187,38,86,52.4
S00752,C1959,10,100,37.0
S01086,C1104,5,31,12.8
S00980,C0157,9,40,18.3
S00059,C1829,67,47,61.0
S01219,C0990,60,8,44.4
S00722,C1304,39,31,36.6
S00576,C0251,60,98,71.4
S01493,C0122,15,83,35.4
S00798,C0530,20,10,17.0
S00763,C0123,6,85,29.7
S00368,C1701,62,60,61.4
S00454,C1454,60,36,52.8
S00586,C0801,22,100,45.4
S00830,C1681,23,36,26.9
S00624,C0812,75,4,53.7
S00751,C0508,68,42,60.2
S00710,C1404,49,24,41.5
S00796,C1628,13,4,10.3
S01040,C0251,28,77,42.7
S00358,C1321,76,51,68.5
S00368,C1061,33,56,39.9
S00970,C1261,12,61,26.7
S00645,C0588,31,27,29.8
S00587,C1806,25,74,39.7
S01449,C0543,53,18,42.5
S00365,C0223,68,97,76.7
S00704,C1350,20,71,35.3
S00486,C1224,25,56,34.3
S00703,C0566,92,87,90.5
S00771,C0950,96,37,78.3
S00909,C1324,20,63,32.9
S00763,C0880,68,62,66.2
S01427,C1522,50,43,47.9
S01496,C1199,76,23,60.1
S01284,C1904,4,3,3.7
S00188,C0399,38,80,50.6
S01370,C0363,31,62,40.3
S01182,C1790,23,100,46.1
S01203,C0967,30,39,32.7
S00229,C1261,55,15,43.0
S00322,C1241,74,15,56.3
S00392,C0216,36,56,42.0
S00346,C0418,35,55,41.0
S00260,C1992,13,66,28.9
S00431,C1239,76,66,73.0
S00194,C0535,6,6,6.0
S00070,C0049,3,51,17.4
S01433,C0814,90,59,80.7
S01042,C0127,13,44,22.3
S00950,C0098,32,18,27.8
S00798,C0327,83,0,58.1
S00826,C1545,88,10,64.6
S00902,C1457,25,63,36.4
S00433,C1489,61,60,60.7
S01248,C0978,85,100,89.5
S00873,C0874,79,21,61.6
S01099,C0033,80,45,69.5
S01068,C1486,77,62,72.5
S00935,C0693,0,50,15.0
S01081,C0509,26,47,32.3
S00193,C0717,87,76,83.7
S01325,C1832,36,70,46.2
S00857,C0562,37,75,48.4
S01359,C1923,21,37,25.8
S01140,C0331,97,3,68.8
S01482,C1960,24,19,22.5
S00734,C0800,19,92,40.9
S00898,C1960,76,80,77.2
S00321,C0145,38,76,49.4
S00711,C0377,4,64,22.0
S00849,C1816,60,73,63.9
S00362,C1470,57,69,60.6
S00010,C1874,52,88,62.8
S01071,C0973,16,24,18.4
S00725,C0106,44,24,38.0
S01187,C0133,82,55,73.9
S01217,C0873,72,87,76.5
S01182,C1500,45,38,42.9
S01236,C1455,6,43,17.1
S01318,C0776,2,100,31.4
S00674,C0467,12,23,15.3
S01157,C0463,40,29,36.7
S00434,C0002,39,69,48.0
S00894,C0049,0,22,6.6
S00408,C1193,69,12,51.9
S00489,C0467,55,93,66.4
S01308,C1164,95,47,80.6
S01349,C0743,11,92,35.3
S01241,C0983,57,96,68.7
S01247,C1491,41,18,34.1
S00540,C1906,73,60,69.1
S00462,C1511,48,97,62.7
S00901,C0286,47,9,35.6
S00866,C0764,54,44,51.0
S01109,C0162,85,77,82.6
S00444,C0461,48,88,60.0
S00904,C1835,31,16,26.5
S00421,C0193,30,72,42.6
S00080,C0687,52,87,62.5
S00447,C0034,90,85,88.5
S00569,C1420,92,94,92.6
S00394,C0192,51,0,35.7
S00322,C1331,56,26,47.0
S00216,C0120,33,62,41.7
S01130,C1346,23,64,35.3
S00708,C0589,52,100,66.4
S00066,C1750,71,36,60.5
S01430,C0281,89,61,80.6
S00175,C1141,21,92,42.3
S01303,C1442,61,49,57.4
S01052,C1332,30,0,21.0
S01200,C0227,96,25,74.7
S01290,C0865,74,86,77.6
S00705,C1123,97,49,82.6
S00863,C1292,49,41,46.6
S00109,C0884,63,52,59.7
S00393,C1927,29,100,50.3
S00654,C1995,48,10,36.6
S00533,C0313,84,22,65.4
S00032,C1886,90,26,70.8
S00369,C1481,8,10,8.6
S00155,C0366,64,91,72.1
S01491,C1175,67,11,50.2
S00093,C0157,38,59,44.3
S01046,C1195,69,46,62.1
S00699,C1597,76,2,53.8
S00515,C1640,20,36,24.8
S00297,C0187,86,47,74.3
S01057,C0478,44,98,60.2
S00336,C1409,31,40,33.7
S00629,C1822,43,93,58.0
S00642,C0789,59,83,66.2
S01385,C1462,81,96,85.5
S00675,C1798,82,11,60.7
S01269,C1851,66,19,51.9
S00211,C1040,93,16,69.9
S00647,C0263,0,96,28.8
S00347,C1641,2,72,23.0
S00475,C1290,44,46,44.6
S00566,C0265,87,54,77.1
S00731,C1986,18,95,41.1
S01156,C1809,32,93,50.3
S00488,C1488,3,36,12.9
S00367,C0037,95,20,72.5
S00275,C1396,69,16,53.1
S00381,C1556,74,33,61.7
S00865,C0547,36,82,49.8
S00245,C0865,61,98,72.1
S00964,C1205,49,51,49.6
S01498,C1125,29,56,37.1
S00253,C0368,15,0,10.5
S00525,C0117,83,64,77.3
S01011,C1712,28,48,34.0
S00466,C1071,54,67,57.9
S00985,C1881,15,66,30.3
S01357,C0135,88,76,84.4
S01187,C1913,64,84,70.0
S00185,C1478,80,47,70.1
S00997,C1640,69,57,65.4
S00358,C0265,92,14,68.6
S00542,C0398,43,79,53.8
S00335,C0509,33,0,23.1
S00570,C0565,97,22,74.5
S00278,C1506,20,11,17.3
S00730,C0368,39,75,49.8
S00039,C0293,35,50,39.5
S00751,C0204,36,75,47.7
S01223,C0844,64,86,70.6
S01440,C0098,42,83,54.3
S00433,C0300,100,69,90.7
S01485,C1933,58,15,45.1
S01064,C0544,73,68,71.5
S01417,C0783,0,56,16.8
S01036,C1952,9,53,22.2
S01399,C0630,25,16,22.3
S00582,C0606,57,71,61.2
S00210,C0264,18,41,24.9
S00032,C1485,90,66,82.8
S00428,C1983,27,88,45.3
S01227,C1689,22,67,35.5
S00949,C0513,77,12,57.5
S00868,C1161,30,62,39.6
S00191,C1755,28,57,36.7
S00577,C1527,63,56,60.9
S01059,C1665,93,38,76.5
S00752,C1328,62,49,58.1
S00306,C0068,96,90,94.2
S00017,C1094,61,8,45.1
S00168,C1042,15,98,39.9
S01398,C1753,82,3,58.3
S00849,C0109,55,60,56.5
S00818,C1937,24,16,21.6
S01312,C0844,28,79,43.3
S01494,C1640,51,90,62.7
S00073,C0599,51,33,45.6
S01150,C1311,5,84,28.7
S00945,C1256,5,0,3.5
S00771,C0769,38,18,32.0
S00813,C1297,22,6,17.2
S01405,C1541,63,57,61.2
S01480,C1469,98,18,74.0
S00721,C1194,31,13,25.6
S00278,C1494,25,68,37.9
S00233,C0821,62,5,44.9
S00323,C0129,36,19,30.9
S00915,C0333,2,81,25.7
S01054,C1988,82,95,85.9
S00530,C1386,31,97,50.8
S00656,C0287,72,92,78.0
S00604,C1406,10,80,31.0
S00188,C0358,30,99,50.7
S00076,C1272,48,58,51.0
S00453,C0334,2,12,5.0
S01159,C1165,4,91,30.1
